EXPLAIN,3
INTRUDERS,2
DELAY,2
EFFICIENCY,2
INCIDENTS,1
OVERWHELMING,2
SALVAGE,1
SPY,1
LAST,47
MENACINGLY,1
BOULDERS,1
JUNGLE,6
PRODUCING,1
PETRIFIED,1
LATER,8
SUCCEEDED,1
NATURE,4
TUSKS,2
EPOCH,1
BITING,3
CONTAMINATED,1
STATIONS,2
PERSON,4
TELLING,4
HAPPENED,4
VENT,1
BEG,1
BED,5
FIGURES,4
SWEATED,2
BET,1
SHUFFLE,1
PROBABILITY,1
EFFORT,4
SUNLIT,1
BIRD,2
TONE,13
SNIFF,1
PATIENCE,4
CRUEL,2
GLARE,2
NOD,1
DUBIOUS,1
WOODS,9
MERRY,1
NOT,245
NOW,42
LAUGHTER,1
NOR,7
INSTANT,3
PROMOTION,1
EVERLASTINGLY,1
REFUSE,1
METHODS,2
DOING,5
DROP,1
MAJESTY’S,1
PYJAMAS,3
ABANDONED,2
EXPENSES,1
TATTERS,1
STRIVING,1
WAVED,1
UNDERGROWTH,3
DAZZLING,2
INDUCEMENT,1
NOTICE,2
INTELLIGENCE,4
PROCEEDINGS,2
PEER,2
PITIFUL,3
DEATHLIKE,1
ASSURANCE,1
AIDED,1
UNOSTENTATIOUS,1
LB,1
LO,1
SURROUNDED,5
SWEDE’S,1
INSPIRATION,2
A,1151
HEAD,48
UMBRELLA,1
RAVENNA,1
BADLY,2
WIPED,1
MISUNDERSTANDING,1
COLOURS,1
HEAT,3
HEAR,20
HEAP,5
FOUND,18
FEATHER,1
SHIELDS,2
DOORSTEP,2
LOOSE,5
DEITY,1
GREYISH,1
RIPPED,1
SCANDALIZED,2
GLISTEN,1
PEOPLE,21
COPY,2
AGENTS,3
TRUE,14
LOFTY,4
INFLUENCE,4
VISIBLE,1
DINNER,1
ESCORT,1
OVERBOARD,5
PILOTING,1
CORRESPONDENCE,2
SHAKES,1
CYLINDERS,1
MIDNIGHT,2
LIGHTNING,3
HIGH,26
SHRUGS,1
STRINGS,3
MURMURING,2
ORBS,1
RAPACITY,1
RAPACIOUS,1
TRUCKLE,1
APART,3
HEADS,11
IRRESOLUTELY,1
GREATNESS,4
PROFIT,1
RAVINES,1
DRUMS,3
SPECIAL,4
FLEETS,1
CIRCUMVENTING,1
DAWNS,1
SCARED,1
TWILIGHT,1
ANYTHING,24
WATCHES,2
GROWLED,3
WATCHED,7
IMPRESSED,2
PARTICULARIZED,1
SILLY,5
POLITICS,1
DESERTED,3
LAND,17
STEAMED,3
STREETS,2
LANK,4
VORACIOUS,1
STEAMER,19
VENTURED,1
REPORTED,1
DISPARAGINGLY,1
LAUGHED,1
PIECE,6
MANGLED,1
CRYING,1
AWFUL,5
BLINDS,1
SPEED,3
SPAT,1
PENCIL,1
AUGUST,2
PURSUED,1
CATACOMB,1
LUNGED,1
CARESSED,1
PEEPING,1
INSIGHT,1
RACE,1
ABSORBED,1
HUMMING,1
MULTITUDE,2
SANCTUARY,1
FACE,25
WHITISH,1
FACT,11
ATMOSPHERE,4
KNOCK,1
NIGHTMARES,4
DEPARTS,1
SORRY,2
STANDING,5
SINGLENESS,2
ROOFS,2
LIVE,12
ACCOMPANIMENT,1
ORNAMENTED,1
TEACH,1
YEAR’S,2
CERTAINLY,8
SEPULCHRE,1
CALME,2
ASTONISHED,1
HIPPO,5
INBORN,2
SEND,3
CLEARLY,3
SENT,8
VARIETY,1
HURRYING,1
FABULOUS,2
STRESS,1
FLESH,1
STARTED,9
UNIVERSE,2
DIDN’T,16
ROUT,1
EXCESSIVELY,1
INITIATION,2
RIFLE,6
PHOO,1
VILE,2
TRAILED,2
HAULED,3
SALVATION,1
HINT,3
INTERESTED,2
STRODE,3
ISN’T,1
DESOLATE,2
VIVID,1
ROBBED,1
ROBBERY,1
COLLECTED,4
SPLAY,1
ENDANGER,1
SOFTNESS,1
TEARING,3
SIMPLICITY,2
HIND,3
SKULKING,1
MESSENGERS,2
VIGILANTLY,1
TREES,18
MATCHES,1
REDEEMING,1
SOOTHED,1
ANKLES,1
LOW,16
LOT,23
REPOSED,2
DICTATED,1
EMPIRE,1
INFORM,1
CARRIED,9
EFFECT,6
NATION,1
CARRIER,2
EBB,3
PLEASE,1
DRY,3
THAT,422
MOVE,6
MEAGRE,1
AFFECTIONATELY,1
BUTCHERED,1
FLOATING,1
MOURNFULLY,1
LIKED,1
SETTLE,2
SATIATED,2
SECTIONS,1
DEMORALIZATION,1
CRIMINALS,4
TAKES,3
CONTEST,1
NEEDLE,1
UNSCATHED,1
ROMANS,1
KISS,1
TAKEN,7
LIVED,9
INFESTED,1
DESCENT,1
IMMORTALS,1
SATISFACTION,1
UNWHOLESOME,2
PRINCIPLE,1
SOUNDS,7
LOUNGING,1
LITTERED,1
GLANCING,1
BLINDING,3
INFORMATION,4
REPEAT,1
REJECTS,1
SIZE,2
CUSTOMS,2
SUGGESTIVE,1
WOOD,11
CROSSING,4
AVE,1
WOOL,6
STEAMBOAT,19
PROBLEMS,1
HELPLESS,1
GRASS,18
OCCUPATION,1
DEFINITE,1
HOLES,3
FELLOWS,11
ADMIT,5
FRESH,4
HOLED,1
WAYS,1
RECKLESS,1
DUTY,2
FEVERISHLY,1
CONFIDENTIAL,3
MEDICAL,1
YOUNG,16
CROPPED,1
IMAGES,2
ONWARDS,1
LOGIC,1
CASUAL,3
ENGLISHMAN,1
CLENCHED,1
LOUDLY,1
SILENTLY,1
E,1
RECLINED,1
CULMINATING,1
INQUIRING,3
LURID,1
RIOTING,1
STRETCHING,3
MELANCHOLY,1
STORES,4
SIMPLE,11
CONVEYED,1
SIMPLY,8
SAILED,1
PLAYTHINGS,1
QUOTH,1
SHANTY,1
SEARCHING,1
PUFF,1
CIRCUMSTANCES,1
WEEK,4
SAYING,6
IRRESISTIBLY,1
VAN,3
SENTENCE,1
IRRESISTIBLE,1
AMUSED,2
BARED,1
SAGACIOUS,1
PROWLING,1
PROFUNDITY,1
HARDIHOOD,1
SNUFF,1
CAMPING,1
PRAYER,1
DEFENDED,1
ASCENDED,1
PENETRATING,1
PLEADING,1
DECLINE,1
PILOTED,1
COURAGE,2
AFRICA,1
POLEMAN,1
COLONISTS,1
FIERY,1
BLOW,3
REGARDED,1
MR,52
SWEDE,3
MY,248
HOVELS,1
REAL,6
SHUFFLING,1
READ,3
DOG,2
PLUMPNESS,1
WASTES,1
RELEASE,1
COST,3
ARID,1
WASTED,1
REAP,1
PLANTS,2
DEFINITION,1
GIFT,4
IMPERFECTLY,1
ORANGE,1
BODIES,6
YELLING,1
UNEXTINGUISHABLE,2
PERSPIRATION,1
ADVANCED,2
STAMPED,2
PERSONAL,1
PUG,1
SINGLE,4
PAVEMENT,1
SUPPOSED,5
PUT,16
SLIGHTLY,7
BAR,1
RIPE,2
MATERIAL,1
BAG,1
BAD,7
ANTICIPATING,1
EXHIBITED,1
STROLLED,5
MUFFS,1
PRISON,1
ESTIMATED,1
MOUSE,1
SHOAL,1
BARGES,1
AGAINST,12
KNIGHTS,3
JOCOSE,1
FROWNED,1
COMPREHEND,2
AROSE,4
CLUSTERED,1
FITTED,1
HONOURABLE,1
LEST,2
LIE,5
ATTEMPT,3
LESS,8
AVENGED,1
LIP,2
OFFER,3
COLOUR,4
DIRT,1
ENERGY,2
SWORD,1
SWORE,3
SWORN,1
CEREMONIES,3
FLICKERS,1
PROFITABLE,2
WISH,1
UNREASONABLY,1
REGULAR,4
INTREPIDITY,1
PARTED,1
CONSTANT,1
PEAL,1
LIVELY,1
UNALTERABLE,1
RESERVED,1
COLD,6
MARCH,2
PALMS,1
TRANSPARENT,1
OBSERVATION,1
STARED,6
RIVERSIDE,5
THEREIN,1
TABLES,1
SENTENCES,1
MIGHTY,3
YELL,1
DRAWS,1
DRAWN,3
LOADS,2
MERE,6
MECHANICS,1
LAKES,1
MASKS,1
DRESSES,1
JOHN,1
TRUSTWORTHINESS,1
EXISTED,1
RAISED,4
CONNOISSEUR,1
PHENOMENON,1
EXTREMITY,3
CART,1
DAYLIGHT,1
LETTER,2
SMELL,2
CARE,12
TERRITORIES,1
SHOCKING,1
FLIGHT,2
SOARED,2
BOTH,9
UNCIVIL,1
FARTHER,7
SMOKING,1
MOMENTARY,1
SPECTATORS,1
ARGUMENT,1
TIMES,7
POCKET,2
RECOMMENDATIONS,1
WRAITH,1
SNORTS,1
WHIFF,1
PIERCED,1
SURROUNDINGS,3
DISAPPOINTMENT,3
BOUGHS,1
CHATTERING,2
SAILMAKER,1
QUARRELLING,1
NEED,4
LAWYER,1
WIDENING,1
ENTHUSIAST,1
NOSTRILS,4
SWAYING,2
HOWEVER,13
LAZILY,2
DRESSING,1
ENTHUSIASM,1
FAINTING,1
INCOMPREHENSIBLE,4
MOVEMENT,9
WEAKNESS,3
HIRE,1
INTERLOPERS,1
SHUTTER,13
GATHER,2
CEMETERY,1
ANXIETIES,1
INAPPRECIABLE,1
GOES,5
YES,24
YET,28
GUESSING,1
ODIOUS,1
CATCHING,1
BOARD,8
WASTE,1
AFFIRM,2
DRYING,1
LAMENTABLE,2
CARRY,2
STRETCHED,3
INFLUENTIAL,3
CONTRIBUTED,1
ELOQUENCE,7
MASSACRES,1
WWW,1
TEPID,1
BOXES,3
ASTOUNDED,1
UNBUTTONED,1
SUAVELY,1
LOITERING,1
EXCUSE,3
STARCHED,3
VAPOUR,1
ARTIFICIAL,1
FUNK,1
FORTNIGHT,1
DISTINGUISH,1
BURNT,2
DRONING,2
MOURNED,1
PHRASES,6
PERCENTAGES,1
PERSONAGE,1
FIELD,1
RUN,10
RUG,1
SMALLEST,1
PREEMINENTLY,1
ENTRIES,2
FATALISM,1
INDIFFERENCE,1
DIM,4
FEEL,7
DIE,4
FEET,29
MENTALLY,1
HORNED,2
SURROUNDING,1
SNEAKED,1
RETREATING,1
ARISE,1
SPEARS,3
ORNAMENTAL,2
LIMBS,3
UTF,1
I,1134
MAYBE,4
HUMANIZING,1
INNER,3
THUMP,2
PASSENGER,1
NUTS,1
CURIOUSLY,2
EYEBALLS,1
BOX,2
BOY,5
DIMLY,1
HANDLED,1
INVITED,1
219,1
CHEST,1
UNCOILED,1
TREAT,1
BON,1
GLANCE,17
NAY,1
FEEBLE,1
CALAMITY,1
WALKED,7
SWITCHING,1
PEERING,1
SAFE,4
DISCOVERED,2
PIANO,1
SUGGESTION,1
BONES,4
RESPECT,2
FLY,1
EXASPERATED,1
FLASH,7
EXTRAVAGANCE,1
HAMMOCK,3
PHRASE,3
SNAG,9
POETRY,2
IMPUDENCE,1
EASING,1
SQUARE,1
PERCEPTIBLE,1
ERECT,2
MIST,3
WORSE,2
LITANY,1
LOWER,4
ELDER,1
MIZZEN,1
CREATURE,4
PROVED,1
SHUDDER,3
BRIGHT,5
DUMB,3
UNFOLD,1
LEANING,8
DISPLAY,1
NO,159
ABANDONMENT,1
ASKED,27
VIOLENT,2
UNABLE,2
NERVOUSNESS,1
DRAW,2
OUTER,1
SPOKEN,4
SCREECH,5
CERTITUDE,1
BREASTBONE,1
WHAT’S,4
SPOKES,1
ABOMINABLE,2
LOVINGLY,1
PAMPERED,1
SHOWING,4
ECHOED,1
FRANKLIN,1
DISHONOURING,2
FOREVER,1
ANYBODY’S,1
ASPECT,11
RUNS,1
COMPLETED,1
ALIKE,3
UNDERTAKEN,1
LAYER,1
SCATHING,2
BRING,1
CATS,1
BRINK,1
WOKE,2
GROWN,1
KNOWLEDGE,9
PORTICO,1
BRUTE,2
STRANGE,9
PERSONALLY,2
GROWS,1
BULGING,2
MEMORIES,5
ANTICIPATED,1
CLAMMY,1
SORCERER,1
PREHISTORIC,2
TAWNY,2
CHILDREN,3
BEAUTIFUL,7
LOOK,39
HOUSE,30
COLLAPSED,1
EXPRESS,1
FORESEEN,1
PACE,2
LOOT,1
USED,9
NARRATED,1
BREAKING,3
REALITIES,2
SHAM,2
HEAVE,1
DUGOUT,2
BECALMED,1
SLUNG,1
EXPLORATION,1
EXPLORING,2
TRAINING,1
KEPT,14
UTTERANCES,1
BEREAVEMENT,1
FRIEND,7
STOOD,28
STOOL,3
WHILES,1
TRIREME,1
HASTE,1
EMERGED,1
HAPPEN,6
ADVANTAGE,1
CRESTED,1
ADVENTURES,1
EXTRAORDINARY,6
WIDOWER,1
INNOCENCE,1
INSHORE,1
GRIMNESS,1
HINTS,3
INHERITANCE,1
SILVERY,1
IMPALPABLE,2
STEP,4
HURRIED,3
BEDRAPED,1
DRILLS,1
BIGHTS,1
THROWN,5
RAID,2
SLIGHT,3
NIGGERS,5
RAIL,2
RAIN,1
OTHER,50
FIEND,1
BUILDINGS,3
ERRONEOUS,1
SLIME,1
SLIMY,1
ACHIEVEMENTS,1
WITHERED,1
FORTUNE,1
FORTY,2
TAINTED,1
FORTH,3
CHILDISH,2
CIVILITY,1
STEADY,3
SPLENDOUR,1
SPREE,1
BUNCH,1
INCREASINGLY,1
SIGHTS,2
COLLECTION,1
LIPS,7
ADMIRATION,3
BECAUSE,29
SPLASHING,3
ATTACK,8
BOOKS,2
AWAKENED,1
SAVING,1
BUNDLES,1
PASSAGE,4
WALLOWING,1
JOINING,1
SERVILE,1
BROUGHT,12
CONQUERING,1
INVISIBLE,2
TAPPED,1
PRECEDED,1
TEMPERATURE,2
SHY,1
BECOMING,4
POSE,4
CHAMPING,1
SHE,84
POST,8
II,1
PULSE,2
RUSTY,1
FROCK,1
EREBUS,1
UNCONCERNED,2
PRESSING,2
KEEPS,1
SMALL,14
BURNING,2
WONDERED,2
VIRTUES,1
WHOOP,1
LUCKILY,3
BEAUTIFULLY,1
HALFWAY,1
HANDLE,3
CURVES,1
CURVED,1
TOWARDS,16
PRIVATION,1
CLERK,2
JUDITH,1
ENVELOPED,2
ENVELOPES,1
RINGLETS,1
GROUNDS,1
PICTURE,1
REVILE,1
NORTH,2
ADMINISTRATION,5
CALLED,8
STACKED,2
SLUMBER,1
CONDEMNATION,1
PAINT,1
LAGER,1
THROTTLE,1
DOCTOR,6
HUGGING,1
UNMISTAKABLY,1
VIGIL,1
VANISHED,10
MOROSE,1
FORTHWITH,2
DROWSINESS,1
AUNT’S,2
AXE,1
NEPHEW,3
BINDING,1
AUDIBLE,2
INESTIMABLE,1
METHOD,5
PATHS,3
CHECKED,2
MONOTONOUS,3
CREATED,1
GESTURES,2
LIFTS,1
FALSE,1
COTTON,5
SEVENTEEN,1
CLEARING,4
EMPLOYERS,1
TUSK,1
CIRCLE,1
DEATH,19
GROUP,1
BRINGS,1
LISTENERS,1
GRAIN,1
ENGLISH,13
PLAYFUL,1
COMPLEXION,3
GREATEST,5
FRACTION,1
THEORY,2
WATERWAY,4
ADEQUATE,2
OPENED,10
VORACIOUSLY,1
PURPOSE,14
PROVISION,2
CHECKS,1
FURTHERING,1
COUCH,4
APPLE,1
STEAMING,2
THIRST,1
MENTION,1
TINGLE,1
ABSOLUTELY,5
OBSERVED,1
GLOWING,2
FINDING,1
EXAMPLE,5
UNRESPONSIVE,1
SUPERIORS,1
MAGNIFICENT,6
DECIDED,1
GOAT,1
CONTRAST,1
DISEASES,1
MOTLEY,1
DOSE,1
ECSTATICALLY,1
SITUATION,2
NEITHER,6
ABSENT,1
LETTERS,8
AWAY,37
HUMBLE,1
DEGRADATION,1
INTEREST,1
COOKERY,1
WEANING,1
ROUGHLY,2
TORMENTED,1
BOWING,2
ACQUAINTED,1
CRYSTAL,1
SIGNS,4
IMPROVING,2
ENTHRALLING,1
MOUTHFUL,1
PINHEADS,1
STAMMERING,1
DOCUMENTS,1
HORROR,8
NEATLY,1
COULDN’T,18
THREE,27
INTRIGUED,1
PRIVATE,1
THREW,4
PHOTOGRAPH,1
LOOMED,1
THRUST,1
LEAKY,2
BEFORE,62
WIDE,8
OH,28
OF,1379
POLE,10
FUTURE,4
MORAL,4
OR,102
EXPLAINING,1
COMPASSIONATE,2
LEGGED,2
FIGHT,3
CONDUCTED,1
VICTORY,3
PRINT,1
FEAR,8
FEAT,1
STROLL,2
PARTISAN,1
HAUNTED,1
PERFORMED,1
STATUESQUE,1
ADVERSARY,1
LEADER,2
SMOOTHLY,1
FACTITIOUS,1
DEPTHS,9
TRANSGRESSION,1
WHISPERING,2
INDIGNANT,1
SEVERELY,2
THIRSTY,1
DISTRICT,3
SPEEDILY,2
EDGING,1
FRIENDLY,1
SUBSTANCE,1
MENTAL,3
AFTERNOON,2
ACT,3
NEW,6
RING,2
EXCAVATIONS,1
WHACKED,1
HANDFUL,1
GAUGE,2
TWILL,1
PRELIMINARY,1
WOOLLY,1
EXCLUSIVELY,1
EMBRACED,2
GILT,1
TYPICAL,2
STRETCHES,1
STRETCHER,7
MEN,51
MET,4
PUTTING,1
QUESTIONED,1
WALL,5
WALK,2
PAMPHLET,1
CLEVERLY,1
ASPIRATION,1
FLICKER,3
OPERATION,1
INHABITANTS,1
ACCOUNTANT’S,1
BACKBONE,2
GENERALLY,3
ASKEW,2
SPLIT,1
ESSENTIAL,1
DEVELOPMENT,1
ENCOURAGINGLY,1
UNAPPROACHABLE,1
POINTING,2
PACKET,3
HOSPITABLE,1
RUINOUS,1
ORDERS,1
IMPROVED,1
LANGUID,3
TREASURE,2
SOMNAMBULIST,1
DISCIPLE,1
IMPRESSION,4
STITCHED,1
DREW,2
NARCOTIC,1
COMPRESSED,1
BANKS,9
DREAM,11
CLOTHES,5
OVERHANGING,1
EAGERNESS,2
PADDLERS,1
ONLY,55
MUSCLE,2
REALIZE,1
GRASSY,1
PRESUMABLY,1
CUFFS,2
PRETENCE,4
WITCH,3
ESSENTIALLY,2
NECESSARILY,2
SECRETS,4
EAGER,1
BREADTH,1
CAREER,3
IMPULSE,1
PULLED,3
CREATURES,2
RAISE,1
UPHILL,2
LOAFING,1
RECOVERED,1
HEART,27
BONY,3
PATIENT,3
POINT,13
HEARD,47
SHEEN,1
GORGEOUS,2
LAUNCHED,1
BOND,2
SOLID,4
REGARD,1
CANNOT,4
MACHINERY,2
LOSS,4
UPDATED,1
LOST,26
DECENT,4
DRAPING,1
DISTURBING,1
LOSE,2
EXPRESSIONS,1
PAGE,1
DECK,16
SOIL,1
FORMS,2
LINEN,1
DESPAIR,5
TRYING,9
ACQUISITIONS,1
LINED,1
OCCASIONAL,2
HURRIEDLY,2
SERRIED,1
SETTLERS,1
CHARMS,2
BRISTLY,1
INFINITE,2
SINCERE,1
HOOKED,2
SPECKS,1
FLASHING,1
PITILESS,5
DURING,5
PLACIDITY,1
POWERLESS,2
DISGUISING,1
FIRED,4
DESIRES,1
PROFOUND,10
WANDERING,3
SMOOTH,2
DESIRED,1
FIRES,4
FUTILE,3
2016,1
GAUZY,1
EYEGLASS,1
SHED,5
SEAMEN,2
WAITING,14
BLESSINGS,1
PROVOKING,1
TIDAL,1
DIVINE,1
SHOULDER,9
SIGHS,1
DELIBERATELY,1
SIGHT,11
WANTONLY,1
SERVED,5
STARTLING,4
SCALE,3
BUSINESS,9
STAY,2
FOUR,6
FUN,2
BLIND,5
HORRID,2
DIAPHANOUS,1
LACKED,1
SCRAP,2
APPLIED,1
REBELLIOUS,1
ANXIOUS,7
GLEAMED,1
FORCED,2
WIFE,2
CONSTANTLY,1
APPEARED,16
ERRANT,1
FORCES,1
LURKING,1
STARING,3
MANGY,1
GUARDING,1
EYELIDS,3
LEGGINGS,1
PROPITIATORY,1
STRONG,1
HELMSMAN,7
DIRECTED,1
BROWN,4
CHUMMED,1
BLINKED,1
CRAWLING,3
SWAY,2
AFFAIRS,1
HERE,31
HERS,1
VIVACIOUSLY,1
RESTRICTIONS,1
HORRIBLY,1
HORRIBLE,1
RUSSIAN,8
ITS,53
POLISHED,2
COMPLETE,5
BOTHERED,1
HARDEST,1
IMBECILITY,1
SWAGGER,1
DOWNHILL,1
BIN,1
FARCICAL,2
BIG,18
PROXIMITY,1
FIFTY,2
DROWNED,4
BIT,15
POOR,8
SLY,1
HOLY,1
EXPEDITION,2
THING,35
REFLECTING,1
GRATEFUL,1
MISERABLE,4
FLEET,3
HOLE,7
HOLD,8
THINK,38
POOL,1
DISSOLVING,1
ABILITIES,2
CONSUME,1
MOUSTACHES,3
BLOWN,1
CONSIDERED,3
BLURRED,2
MOUNTED,1
FURNACE,1
DETEST,2
WANT,22
MENACING,2
RESPECTABLE,1
STRAIGHTEN,1
STRAIGHTER,1
CURIOSITY,4
OFFING,2
RELATIVE,1
SEEMED,69
CRAZY,1
MEANNESS,2
ROLLED,4
CRY,8
GRINNED,1
DARED,1
JERKS,1
PILGRIMS,31
CABIN,4
SPROUTING,1
FLUKE,1
WARNING,6
NINE,3
LANGUOR,1
WHEELS,1
ABSURDITY,2
LANDSCAPE,1
FACED,4
INQUIRE,2
STAGGERING,1
ASTOUNDING,1
PRECIPICE,1
INQUIRY,2
FACES,10
PLEADED,1
CONFAB,1
TRACE,1
TRACK,2
POSITIVE,2
FOURS,3
TREMBLED,2
MONUMENTAL,1
TWENTIETH,1
BUZZ,1
STAFF,2
INVARIABLY,2
SEPARATING,1
DISTINCTION,1
SHAKING,3
DAMP,1
ELOQUENT,2
SPLASH,1
HISSING,2
SPARKLING,1
APPALLING,4
ANSWER,4
RIBBON,1
COMPLETELY,4
OBLIQUELY,1
FEARFULLY,1
GRATIFICATION,1
SIDE,17
SUGGESTED,2
SCEPTICISM,1
BELIEF,8
REMARKABLY,1
SECRETARY,2
HEAPS,1
WORKED,1
INTRUSTED,3
ASSURE,4
RIGID,3
RUDE,1
PIECES,6
DUMBNESS,1
PRIMEVAL,3
IMAGINED,4
QUIVERING,1
ALWAYS,10
SNAPPED,2
LOUD,3
CHUCKLING,1
DEAL,6
FEARFUL,1
DEAF,3
SOON,12
DEAD,23
DEAR,11
GLAZED,1
EVERYDAY,1
PERISH,1
NUMBERED,1
SECRETLY,1
TRANCE,1
INVALID,2
AIMLESSLY,1
TEARS,3
ARROW,2
ESCAPE,2
NAVY,1
DIABOLIC,1
MATTERS,4
LENGTH,2
CHARM,5
DWELLINGS,1
JUDGE,3
THOSE,23
ADVANCE,1
ASIDE,2
HEADQUARTERS,1
DOWN,48
DANGERS,1
REPORT,6
ASSISTANT,3
ALONGSIDE,2
SUFFERING,1
MEASURE,3
STAIRS,1
GHASTLY,2
RIFLES,2
FIERCE,7
INSTEAD,4
TRESPASSED,1
ABOMINATION,1
BOUND,4
BARRED,2
BARREN,1
SMASH,3
BLEW,4
SADLY,1
DIGNITARY,1
STOP,6
BROKEN,6
WHILE,37
RESISTING,1
YOUTHFULLY,1
PERSISTENTLY,1
FAIRWAY,2
POWERFUL,2
MINE,5
WAKING,2
UNINTERRUPTED,2
DIED,8
SCRAPE,1
WINDING,2
DEFICIENCIES,1
SKINNY,1
CAN’T,17
SNATCHES,1
SERENE,2
WRITTEN,4
LODGED,1
SNATCHED,1
IRONIC,1
EXCESSIVE,4
SWEEPINGS,1
GIGANTIC,1
DAY,37
PAUSE,3
CLAPPING,2
THERE’S,6
WRAPPER,2
BREAST,3
WRAPPED,1
INDEFATIGABLE,1
INSIDE,7
IMAGINATION,2
BALANCING,1
TOYING,1
AGO,8
AGE,1
REGIONS,1
CONFIDENTIALLY,1
TINS,1
POWER,9
TINY,3
CAPTAINS,2
STRIP,2
SENSELESS,1
TWISTED,1
CURRENT,7
LANDSIDE,1
EVOKE,1
NAME,14
MAP,4
MAY,19
DELIBERATE,2
HIVE,1
TERRIFIC,1
NEAR,27
NEAT,1
MAD,9
MAN,110
FAITH,6
NORMAL,3
COMPLAINING,1
FUSILLADE,3
PURSUERS,1
COUSIN,2
DENOMINATE,1
DESTITUTION,1
DARTED,2
ROPE,1
GUARD,2
CONGREGATED,1
GLORY,1
SCENTED,1
BINOCULARS,1
RELATIONS,1
UNDER,36
ACTIVE,1
FALLING,3
KILLED,1
GIVING,3
RESTRAINT,9
AWFULLY,2
EXPEDITIONS,1
PROCEEDED,1
INTERESTING,4
SQUIRTS,1
RETURNING,2
SECRET,3
GOODS,5
PLAIN,5
RECONCILED,1
LAVENDER,1
JUMP,2
GLASSES,3
EVEN,40
1995,1
CREEPY,2
WESTERN,1
BOTTLE,1
ORG,1
EVER,23
ENDLESS,1
BEGGED,1
FARM,1
LUGUBRIOUS,1
PERIODICALLY,1
BEARD,3
DESIRE,10
HUMBUG,1
FEVER,4
REACHES,6
UNRECOGNIZABLE,1
REACHED,2
MOANED,1
BLADES,1
SKETCH,1
UNCOMFORTABLE,1
ASSUMED,1
MAHOGANY,1
SUNSHINE,8
EAGERLY,3
CALL,5
CALM,5
ANIMAL,3
SMILES,3
EVIDENT,3
SHUYTEN,2
HULLABALOO,1
ENIGMA,2
SMILED,2
RELUCTANTLY,1
FLIPPER,1
OUGHT,9
HEAVY,18
COMMERCE,1
UNEXPECTEDNESS,1
SCIENTIFICALLY,1
STARTLINGLY,1
PAPERS,6
INDIGNANTLY,1
SUFFICES,1
OTHER’S,1
RADIANT,1
SHONE,6
LEARNING,2
THEREABOUTS,2
ATTACHED,1
WASN’T,14
PROGRESS,7
MARGIN,1
GASH,1
HORSE,3
CHOKING,1
SOME,102
CHAPS,8
GASP,1
RETURNED,4
BEGIN,2
CLAMOUR,3
SILENT,8
SHARE,1
SCUFFLE,2
NEIGHBOUR,1
SENTIMENTS,4
SHARP,2
INDISTINCT,4
APPEARING,1
PILGRIM,2
MUZZLES,1
POSSIBLE,5
LIES,2
QUARRELS,1
UNEASINESS,4
MUSCLES,1
PLACES,7
CONQUERORS,1
FISTICUFFS,1
CREW,2
PLACED,1
LAUGHING,4
VIEW,1
EVERYBODY,5
STRAYED,1
NEGLECTED,2
SECTION,1
IMPROVEMENT,1
BEINGS,4
AFRESH,1
LANKY,1
HEAVILY,2
CURSING,1
FLOPPED,2
BELIEVE,22
EXPLANATIONS,1
DANGEROUS,4
SHAKE,4
WORKER,1
MIRACLE,1
PROLONGED,2
SCREAMED,3
SUSTAINED,1
SHIP,8
GLIDING,3
SEAMAN,7
BRIDGE,1
EFFECTIVE,1
PRECARIOUS,2
UNHAPPY,2
FEBRUARY,1
EXPLAINED,1
INSTALMENTS,1
TEACHING,1
GLOOM,10
KEEPING,7
EPISODE,1
SWELLING,1
MILD,1
MILE,3
RELATION,1
SKIN,2
SAVAGES,9
ILLNESS,1
DICE,1
ASSEGAIS,1
SEALED,2
SIXTEEN,2
POSSESSION,5
DEVASTATION,1
PAW,1
PAY,1
HUNTLEY,1
SUMMING,2
HOUSES,4
DISTURBED,2
INSATIABLE,1
PRIDE,2
BROKE,5
UNCOUTH,1
COVERS,1
CHIEF,7
EXTRAVAGANT,3
CLUSTERS,1
DILATED,1
APPALLS,1
DISGUSTED,1
TROPICS,1
SURRENDER,3
STIRS,1
TENTATIVE,1
EXALTATION,1
IMPERCEPTIBLE,1
IRRITATION,2
DEPARTURE,1
HUNDRED,9
REPRESENTING,1
ANYHOW,3
BUY,1
AUTHOR,1
RIDE,1
POSSIBILITY,1
THAN,55
TILL,16
MEET,6
MOUTHED,1
FINISH,1
SUPPOSE,11
TOUCHED,2
SILENCING,1
LOOKOUT,3
POKE,1
NECK,6
BUTTON,1
FORGIVE,1
ALONE,22
MOB,2
ALONG,18
DISCORDS,1
ANGRY,4
NONSENSE,1
ETC,7
EXASPERATING,2
ORDERED,8
INDISPUTABLE,1
STIFLING,1
EXTREMELY,3
DELICATELY,1
WARMER,1
UNSEEN,1
WAVERED,1
REMAINING,2
SHUFFLED,1
IMPROMPTU,1
HONEST,1
TEMPERAMENT,1
FEROCITY,1
PRONOUNCEMENT,1
REALITY,5
UPROAR,3
ANOTHER,22
NAVIGATION,2
URGING,1
SPOILS,1
ACCORDING,1
BELIEVED,4
EVIL,4
CIRCUMVENT,1
FOREMAN,1
VIGOUR,1
FIDGETED,2
TRUST,4
BRUSHED,2
IDOL,2
RUBBISHY,1
CANE,2
FATE,5
FAMILIAR,3
KNOCKED,2
INTERVIEW,2
FLOWER,1
SQUIRTING,2
KEEP,21
BRIGHTENED,1
KEEN,1
FLOWED,5
CASTLE,1
VAGUE,5
RESEMBLED,4
PROVISIONS,1
DELUSION,1
INEXTINGUISHABLE,1
ADIEU,2
MASSIVE,1
BALANCE,1
QUEEN’S,1
STATION,48
STRUGGLING,3
PAIN,7
PAIL,2
OFFENSIVE,1
PAID,6
BUTTONED,1
MURMURED,10
PAIR,7
DRAGGED,1
HEAVEN,1
OBLIGED,1
HEADED,2
TERRIBLE,7
ASSURING,2
RED,14
HOWLED,1
WARS,1
EFFACED,1
HASN’T,1
TRAGIC,3
REQUISITE,1
TRAMPING,1
PARDON,2
DEEP,15
ENVELOPING,1
GAME,4
FRENZY,2
FORGE,1
SANDALWISE,1
SPOTTED,2
REPULSE,1
LEAKING,1
BILLOWY,1
SHAPE,5
WEATHER,1
PERVADED,1
DIGNITY,1
UNEXPECTED,4
STRIPPED,1
MASSACRE,2
HUSH,1
HEAVENS,7
EDUCATED,2
TWO,47
OVERGROWN,1
CURVING,1
BACKGROUND,3
FLATWAYS,1
OFTEN,7
DESOLATED,1
ALLEY,1
GIFTS,3
TEST,1
REASONABLE,1
STEERED,3
SHOP,1
SHOT,4
SHOW,9
METAL,1
BRILLIANCE,2
VALUE,2
RESTED,3
SHOE,4
CONCLUDED,1
INCREDIBLE,5
APPREHEND,1
WEST,3
RUBBING,1
UNMOVED,1
SATISFACTORY,1
BASSAM,1
BOWELS,1
DEFER,1
DIRECTION,2
VERANDAH,1
EXTENDED,1
INDISTINCTLY,1
BLASTING,1
LEAST,15
RUMBLE,1
INCIDENTALLY,1
FEELING,9
ARCHITECTURALLY,1
UNDERFOOT,1
WILL,37
STREET,5
AWAKE,4
WILD,11
INSOLUBLE,2
SOUNDLESS,1
BEGINNINGS,2
VAIN,1
YOU’VE,1
CIVIL,2
COMPANY,9
WRONG,4
SO,112
COMMONWEALTHS,1
JOVIALITY,1
HEARTINESS,1
YELLS,4
COMPOSING,1
LEGALITY,1
ENGINE,2
GENEROSITY,1
DEEPENED,1
PRESENCE,3
IMPULSES,1
INCLINED,1
FORGOT,7
REPLY,1
HUMMOCK,1
SITTING,4
DEW,2
SNORED,1
DANGER,10
SUDDENLY,35
WADE,1
STRUGGLED,5
COMMENCEMENT,1
PRODIGY,1
SHOUT,4
SPRITS,1
FLIES,5
EDGED,1
TRENCHANT,1
EDGE,8
HANDS,26
STRUCK,8
HANDY,1
FUNNEL,2
BRUTALLY,1
PROFOUNDLY,1
DIFFICULTY,3
TUMULTUOUS,1
ENTERED,1
DISTRACT,1
ALIENIST,1
DELIGHT,1
RE,1
SHUDDERING,1
CLAMBERED,1
NAMES,5
MODESTLY,1
AVOID,1
INCH,2
SMILING,3
ENGLAND,1
TRAIL,2
TRAIN,1
EITHER,15
REVERENCE,1
KICK,1
COMPANY’S,5
BEGGAR,1
CLOTHS,2
DONE,20
BURIED,7
THUMPING,1
SWING,1
FINAL,2
CRACKS,1
DEADLY,3
AROUND,11
UNRESTFUL,1
DISCS,1
EXPANSIVE,1
ANGUISH,2
DISCLOSE,1
MISCHIEF,1
SENTIMENT,1
THUNDER,1
POSSESSED,1
PILED,2
SCRAMBLED,1
TEMPESTUOUS,1
WEEPING,1
RETURN,6
ENJOY,1
RUSHED,2
FANCY,9
RUINED,5
RUSHES,1
STUPID,3
FATEFUL,1
UNTO,1
OUTBREAK,3
PRESENT,2
HAVEN’T,6
PATTER,1
PATTED,1
GESTICULATING,1
LEAVE,7
CONSTITUTIONS,1
PADDLING,1
BORDERED,1
BOTHER,2
ABSTRACT,1
OUTSIDE,5
FLATNESS,1
PANTED,1
SEEKING,1
QUESTION,3
ROUND,23
WRENCHING,1
REMARKS,1
TENEBROUS,2
ORIGINAL,4
MEDDLING,1
SUNK,1
SIGHED,2
RUMOURS,2
GRIEF,3
PROSPECT,1
WHIZZING,1
THOUGHT,32
BELLS,1
SHARING,1
LIMITS,1
SACRIFICED,1
SALUTANT,1
WEDGED,1
GRATIFIED,1
GASPING,1
SURELY,2
LEVEL,1
POSTS,3
HORRIFIED,1
ENTER,2
SILVER,3
SURPRISED,6
TOWN,3
SCHOOL,1
DEMANDED,1
TWINKLING,1
PROPERLY,3
SLUGGISH,2
THICKLY,1
ROOM,14
PUZZLED,1
FOAMED,1
ROOF,5
ORIGINATED,1
DISCOLOURED,1
STIR,7
ATTACKED,1
SHOCKED,3
VARNISHED,2
PROMISED,1
FLUENTLY,1
OPPRESSING,1
INTERESTS,2
THINKING,6
EARTHY,1
WINK,4
INFAMOUS,1
PONDEROUSLY,1
WIND,6
WINE,1
PACIFIED,1
UNEQUAL,1
LOWERING,1
ILL,6
IDEAS,6
PEN,1
STOREROOM,1
SOLDIERS,3
PENT,1
EXULTATION,1
DASHED,1
BLAMED,1
SNIFFING,1
GENIUS,4
WORST,3
DISCONSOLATELY,1
PORTRAIT,2
WHISPERED,7
NEAREST,1
ANSWERED,7
ADVISED,1
INTERIOR,2
PATIENTLY,3
TELL,27
AIR,30
AIM,1
PARTICULAR,3
DISAPPROVED,1
WONDER,9
MEANT,9
SPECTACLES,2
MEAT,2
FUMED,1
MEANS,6
INTRODUCE,1
THICKETS,2
SPECTACLED,1
PRYING,1
MEAL,1
MEAN,10
DRAPERIES,1
DISPOSE,1
CHOKED,1
SHRUNKEN,1
FORBEARING,1
COVERING,1
PROMISE,1
OBJECTED,1
BRUSQUE,1
MUDDY,1
BACK,65
EXPRESSED,1
PART,7
FORKED,1
FROWN,1
CARRIERS,3
VENGEANCE,2
TONGUE,1
HOVEL,2
BURSTING,2
STOOPING,1
PRESIDE,1
YAWL,1
ADVANTAGES,1
EXCLAIMING,1
SHOWS,1
CURIOUS,9
HM’M,1
FRENCH,4
SHOULDN’T,3
STAND,7
BURY,4
SPELL,3
APPEARS,5
FILLED,9
COUNTLESS,1
MANOEUVRED,1
SHEER,6
SHEET,1
JUST,48
ARRANGEMENT,1
BOYS,2
PLACE,22
REFUGE,1
USUAL,3
NATURAL,5
STRIPED,1
SUBJECT,1
RECESSES,2
HAIRDRESSER’S,1
JEOPARDY,1
DISPLAYED,1
EMPHASIS,1
FANCIED,2
RAPIDLY,1
FRAGMENT,3
ISOLATION,1
MARSH,1
LEARNED,2
IDLENESS,1
PROPORTION,1
INTENSITY,2
REMARKABLE,8
WHETHER,18
DOORWAY,7
SEED,1
IGNORANT,1
SEEN,26
SEEM,8
CLOUDS,2
CLOUDY,1
CIVILIZE,1
DROOP,1
QUARRY,1
FIRE,8
HONOUR,4
THERE,204
DISEASE,4
FRIGHTFUL,6
DECIPHERED,1
STEPPING,1
DEEPENING,1
DEVILRY,1
FISTS,1
STOLEN,1
CENTURIES,1
SECULAR,1
FOREHEAD,5
MENACE,1
EXHALED,1
USEFUL,1
WRECK,3
ANXIOUSLY,2
FAITHLESS,1
GAIT,1
TRICK,1
GLITTERED,3
LABOURER,1
GAIN,1
VOICE,34
FORCE,2
SCOUNDREL,3
GLEAMS,4
DROPPED,5
BODY,13
CURTLY,1
OCCURRED,4
PERORATION,1
STOPPED,14
BOOTS,2
CHARGE,9
ACCUSTOMED,1
DOMINOES,2
CONCERN,6
SHADOWS,5
GREAT,46
IMPOSTER,1
SHADOWY,2
GUN,1
MARKED,3
FORTITUDE,1
DRAWING,2
UNEXCITING,1
EXPANSE,1
HUT,8
UGLY,2
SHINING,2
CRIES,1
THREAT,1
DRIVER,1
DRIVEN,3
LAZE,1
INTRIGUING,1
SAID,131
SULKY,2
CONSEQUENCES,2
LIGHTS,3
TOIL,2
BRASS,5
WAITED,2
CARRYING,3
﻿THE,1
LINGERING,2
CAPACITY,4
KNOWS,7
CONFESSED,1
SOMEHOW,7
ROME,1
CLAY,2
KNOWN,4
CLAP,1
LEFT,35
OFFISH,1
FENCE,5
EMBRACE,2
IMPENDING,1
IMPERTURBABLY,1
CAP,1
FAINTED,1
CAT,4
UNDERSTAND,22
CAN,43
ILLUMINATION,1
WEEKS,3
TELEGRAPHIC,1
COAT,4
YAWNED,1
KNIVES,1
SIXTY,5
FURTHER,1
GREASY,2
MAKE,21
ALERT,1
RUNNING,7
STARTLED,3
PEDDLING,1
SWARMING,1
STARLIGHT,1
SEEMS,2
TONES,1
SOOTHINGLY,1
MYSTERIOUSLY,1
STRAW,2
RIBS,3
OFFICIAL,2
EXPECTATION,2
STRIKES,1
EVERY,36
HANGING,3
CONTINUOUS,2
BROAD,8
JUNGLES,1
DIRECTOR,4
MAINTAINED,1
AVENGING,1
GAUNTLETS,1
INTERSPERSED,1
CUTTING,2
BUTTED,1
SECRECY,2
OCCASION,1
SAVE,8
WISHED,2
GOVERNMENT,4
TUCKING,1
FINGERS,2
FORTUNATE,2
WITHAL,1
MISTRESS,1
BLUSH,1
SURFACES,1
AFRAID,4
MORBIDLY,1
7,1
CONTINUOUSLY,3
ARTICLE,1
PREACHING,1
FIERCELY,1
INSOLENCE,1
DESPISED,1
INSTRUCTED,2
PARODY,1
GONE,19
THROTTLING,1
MANAGER’S,4
QUICKENING,1
IDEA,20
TRAMP,1
NOISE,9
UNCONSCIOUS,2
OILED,1
CAREFUL,3
NOISY,1
FRESLEVEN,3
PROJECTED,3
AWNING,1
MANNER,5
ALTOGETHER,10
CANDLE,6
MATCH,3
BEARING,6
LUNATIC,2
OVERFED,1
ROCKY,2
GLIDE,1
ENCODING,1
CREATION,2
SINS,1
RECOLLECTION,2
SINK,2
PENSIVE,3
BARBAROUS,2
REACH,11
IMMEDIATE,1
CONVERSATION,1
QUESTIONS,4
STORY,1
INCHES,2
BEAT,7
BEAR,3
MADNESS,1
MEREST,1
FLAMES,4
CONTINUED,3
ENGAGED,2
COOKED,1
HARNESS,1
HESITATED,1
GRUBBING,1
AGED,1
BRINGING,1
BREATHE,3
NIGGER,5
CONCEALED,1
DEFEAT,1
SOLEMNLY,1
DASH,2
CLERKS,3
DECLARE,1
PUZZLING,1
DECKED,1
SOCKS,2
AWARE,8
SYMBOLS,1
CHARITABLE,1
BREATHED,1
SOLES,1
FRINGED,4
HUNGER,5
NIGHTMARE,2
CHANGED,3
BROTHER,5
WONDERFUL,2
CAMPS,1
CHANGES,3
MARTINI,3
TRIED,8
SLIPPED,5
FATHER,1
SOUL,19
TRIES,1
EARTHLY,2
INDISSOLUBLY,1
LIMP,1
BATTERED,1
LIMB,2
BRONZE,4
CONCENTRATED,2
MIMES,1
REMINDED,1
SATISFIED,3
JUDGED,5
DISINTERRED,1
LOADED,1
INKSTAINS,1
PROPPED,2
BROTHERLY,1
FELLOWSHIP’S,1
TALE,3
POVERTY,1
TALL,5
UPCOUNTRY,2
TALK,24
DEVOTED,3
ME,250
ASSAULTED,1
BEGAN,25
INITIATIVE,1
INFERNO,1
YOURS,1
EARN,1
PESTILENCE,1
RUSTLE,1
SAKE,3
INDIAN,1
EARS,6
GIVEN,12
KICKED,5
FARTHEST,1
REPEATED,4
LITTLE,62
GLISTENING,2
SHOWED,4
FAR,26
DESPERATION,2
FAT,4
WHIZZ,1
SHOWER,2
STRIDE,1
ROCK,1
DEFENCE,1
SHORTLY,2
STILLNESS,9
CONDUCT,1
MESSIEURS,1
PINK,3
RAYS,1
MONTHS,17
BARRACK,1
PURE,5
GRUNT,1
EATABLE,1
PINT,1
DESOLATION,6
MISTILY,1
UTTERANCE,2
MUTTERED,5
GENERALS,1
TERMS,3
OFFICERS,1
INDIGNATION,1
SENTENTIOUSLY,1
COLLAPSE,2
INDEED,9
SWERVED,1
LASHED,1
PURCHASE,1
NEEDED,1
OURS,2
MAIN,1
CORPSES,1
WEARING,3
CHEAP,2
PASSED,6
BITTERLY,2
ABSURD,11
FORGET,7
EMBERS,1
OCEAN,1
GLINTING,1
DISTANCE,8
ATROCIOUS,2
LOYALTY,2
LUNATICS,1
HOPE,7
RAILS,2
DAWNED,1
PRIMITIVE,2
SLAUGHTER,1
INCANTATION,1
CRAFT,2
CATCH,4
SOLELY,1
BRILLIANT,1
TIDE,2
RISKS,1
STATEMENT,1
CALICO,2
RISKY,1
CONFOUNDED,6
GOLD,3
SAINTS,1
BAFFLE,1
THUNDERBOLTS,1
BEWITCHED,3
TO,894
TE,1
SMARTLY,1
NECKLACES,1
AM,36
AN,180
AS,293
AT,265
NATIVES,5
PILGRIMAGE,1
SPORTED,1
BAFFLED,1
FAINTEST,3
STUCK,7
DEVOUR,2
DISGUST,3
FALL,8
TOWERING,1
MERCILESS,1
BREATHLESS,1
TUCK,1
EXPENDED,1
DUSK,7
AGES,6
PEACE,3
ACCURSED,1
VITAL,1
DUST,1
ISLANDS,1
KINSHIP,2
FORMALITY,2
UNCLE,5
DOZED,1
STRUCTURES,1
OVERWHELMED,1
DOZEN,1
SEAS,2
GREYNESS,2
BOSOM,1
SEAT,2
SEAL,2
LUMINOUS,5
RUINS,2
SCRUTINIZING,1
SCORNFULLY,1
DOUGH,1
MILITARY,3
GOLDEN,1
DRAKE,1
MIDDLE,10
HAUL,1
PARAGRAPH,1
FIVE,5
HEADMAN,2
INSPIRED,3
SLOWLY,18
LISTENING,3
WOULDN’T,10
DISCERN,1
CROP,1
CORNER,6
NEXT,15
MEETING,1
HIMSELF,41
REMEMBER,15
SCARE,2
COMPREHENSION,1
WORDS,17
CRUISING,1
WAIST,3
MERCILESSLY,1
BROW,1
DISCOMPOSED,1
OUTFIT,1
OBEYED,1
ABOVE,17
SWEEPING,1
SHOULDERS,3
LIKE,120
RESEMBLE,1
MARK,1
QUEER,3
STRUCTURE,1
PUBLICATION,1
TOP,2
TON,1
TOO,75
SHINS,1
SHINY,1
GREED,1
TOE,1
HIP,2
CONDENSED,1
HIS,340
HIT,2
JUDGMENT,3
VIOLENCE,3
NOSE,10
BECOME,5
HIM,222
MALEVOLENTLY,1
MORNING,5
BODING,1
JABBER,1
FELLOW’S,1
FASCINATING,2
SACRIFICE,1
SAME,19
HEARTACHE,1
EDIFYING,1
WITS,1
GRAVITY,1
UPKEEP,2
DUTCH,1
WITH,378
CROUCHED,2
RAG,1
DROLLERY,1
EASTERN,1
RAN,9
BASKETS,1
COURTYARD,2
RAW,1
FRONT,9
DELIGHTS,1
HANDKERCHIEFS,1
EERIE,1
ARRIVING,1
MEDITATED,1
FIRST,38
REMOTE,2
INADMISSIBLE,1
BREASTS,2
PILE,3
ENDURE,2
EXCELLENT,4
PLATES,1
CONRAD,3
DEVILISH,1
PRODUCED,2
LANDING,1
WEARY,3
HOVERED,1
JOINT,1
ORDEAL,1
FLOW,1
HESITATING,2
KILLING,2
SUBJECTS,1
UTTERLY,1
BEDECKED,1
NOXIOUS,1
GREEDY,2
ARRIVED,3
CLATTERED,1
PIE,1
BRICKMAKER,2
NOSES,1
STRIKING,2
LURK,1
HORN,1
MUD,11
CHAP,11
CHAT,1
NINETEEN,1
PHYSICAL,4
ASS,1
WORD,21
WORE,4
NUT,1
WORK,31
WORN,1
ASK,3
BEGINNING,1
SEEING,3
DUE,2
DUG,1
CONVEY,2
INTELLIGENT,2
FEARED,1
FANTASTIC,5
RETIRED,1
FOLDED,1
SORROWS,1
VIRGIN,1
MYSTERIOUS,8
NARROW,6
CLIMATE,4
STATED,1
RECOMMENDED,1
PATE,1
PATH,6
TORCH,2
GRAVE,6
TITLED,1
MIND,19
INHUMAN,2
SPECTRALLY,1
THEIR,86
GREATLY,1
FORWARD,8
ALPACA,1
RESPONSES,1
SHAMEFACEDLY,1
ENOUGH,33
NOTHING,45
BEHOLD,2
PERMITTED,2
WATERSIDE,1
COLOURED,2
DANGLING,1
JERKED,2
LIKELY,1
MUST,39
LANGUIDLY,2
DISAPPEARED,3
UNCALCULATING,1
FLOOR,4
WRITHE,1
BOSS,1
FLOOD,2
SWALLOW,1
FAILED,1
EQUIPPED,2
BLINDFOLDED,2
INLAND,2
CLUTCHED,1
QUICK,8
SUNNED,1
REALLY,17
QUIETLY,4
PATCHING,1
PROSPERED,1
SWIFT,5
COLLEAGUE,1
SAILORS,1
MEDITATING,1
BEEN,123
SEVERE,1
BEES,1
SKIPPER,2
ILLUMINED,1
SLIDE,1
COLOURLESS,1
SLOPE,5
TOWSON’S,2
AMAZES,1
SERENITY,2
COCKSURE,1
ACROSS,6
AMAZED,3
PRACTICALLY,1
CRAVAT,1
MODEST,1
MOREOVER,3
BADGE,1
SPECIMEN,2
EXCITABLE,1
SUDDEN,7
PLACID,2
GRIMY,2
RINSING,1
DUFFER,1
CHATTED,1
PERCHING,1
DISCOURSING,1
ADORERS,1
GROOVES,1
ABREAST,5
HARLEQUIN,2
VIBRATION,2
COLOSSAL,3
CHARLIE,2
PERDITION,1
FOOD,3
ROTUND,1
MAPS,1
WHATSOEVER,1
BE,125
TIP,1
TOOK,26
ATTITUDE,3
TIE,1
OBSCURED,1
BY,146
DISFAVOUR,1
BATTLEFIELD,1
AVID,1
THAT’S,10
SEPTEMBER,1
APPROVE,1
RITES,1
PLUCK,1
FACING,2
SHAFT,1
BUILT,3
ACCORDINGLY,2
BUILD,2
ESPECIALLY,2
LATE,4
EVANESCENCE,1
UPSET,2
URGED,2
BATH,1
GALLANTLY,1
LANGUAGE,3
WISP,1
ROD,1
LEAPING,1
STABBED,1
ROT,1
ROW,9
DEPRESSING,1
MAN’S,4
FECUND,1
COMING,12
EXQUISITE,1
QUARREL,1
WANDERER,1
EXERT,1
UP,120
HANDED,2
CRESTFALLEN,2
HE’S,1
DARKER,3
FURY,2
CROSS,1
UNSWERVING,1
SHIP’S,1
SUPREME,2
MAGPIES,1
FED,2
BELONGING,1
FEW,13
OFFICES,1
INSISTED,1
DESCRIPTION,1
ISLAND,1
HUGGED,1
BREECHES,1
DRIVE,2
MINDS,1
STAMPING,4
ONSLAUGHT,2
NEWS,4
PARASOL,2
DEAFENED,1
GRINNING,1
TAMBOV,1
FOREST,23
RESOLUTION,1
WRECKED,1
RULED,4
SLIM,4
BEPATCHED,1
MOSTLY,6
MOST,19
BEARDLESS,1
WORTHY,4
MILLIONS,3
EBOOK,5
DEPENDENCY,1
ALLUDING,1
SLEEVES,1
SILENCED,1
PROUD,5
EXTERIOR,1
ON,315
EARLIEST,1
DISCOURSED,1
CHRISTIAN,1
DISAPPEAR,4
ENDS,4
TRANSACTIONS,1
CHEEK,2
HANG,2
HERALDED,1
HAND,18
CHEER,1
BYE,4
GIRL’S,1
WEALTH,2
SHAVED,3
MUFFLED,4
INTENSIFIED,1
FRANCS,1
ASCENDANCY,1
YESTERDAY,3
PURELY,1
TRASH,1
BROADENING,1
BELONG,1
COMMON,4
SUPPRESSION,2
ILLUSION,1
GLITTERING,6
BEGUILED,2
COVERED,3
VEXED,1
FRONTAL,1
POURING,1
GLINT,1
GLIDED,2
QUIET,12
STRAIGHTENED,1
STARBOARD,1
CLUMSILY,1
WHO,59
PACIFIC,1
TABLE,5
BURNED,2
WHY,27
DIFFERENT,1
V,1
RESTRAINED,1
THICKENED,1
UNIVERSAL,2
EARLY,2
CONFOUNDEDLY,1
ANIMALS,1
CONFESS,2
UNFAIR,1
INEXPLICABLE,2
DAVID,1
COMPETITION,1
RESPECTED,2
PILOT,10
MORITURI,1
LUSTRE,2
ANTS,2
PESTILENTIAL,1
WANTING,1
TRIFLING,1
FROWNING,1
SWEPT,5
CLOTH,4
WALLS,5
STERN,4
LEGITIMATE,1
RAPID,2
CHASING,1
BRIGHTLY,1
CALLOUS,1
AGGRAVATED,2
OBTRUDED,1
LIMIT,1
CURTAIN,5
SUFFER,1
MARLOW,8
JOY,3
VENETIAN,1
SCARLET,2
JOB,1
UNGARNISHED,1
CLATTER,1
JIBBED,1
SEAMANSHIP,1
DIALECT,1
IDIOT,1
BRUTES,2
MYSELF,38
MONTH,4
WEIGHED,1
STICK,5
MONEY,2
ORDINARY,2
APPALLED,3
ULSTER,1
FEATURELESS,1
FRIGHTEN,2
CONCERNED,1
RIOTED,2
HOPEFUL,1
JETTY,1
ELEVATED,1
GLORIOUSLY,1
STRAIGHTFORWARD,1
VILLAGE,3
EXPOUNDED,1
NECESSITIES,1
ARTICULATED,1
UNLESS,8
SHADY,1
YOUTH,3
DETAILS,2
SHADE,8
APPROACHING,4
TOWSON,2
ELEGANCE,1
GLASS,8
LARK,1
OUTCRY,1
DIRTY,2
STICKS,4
WEAKNESSES,1
RULE,1
UNFORTUNATE,1
MIGHT,12
SUPERCILIOUSNESS,1
UNCEASING,1
SEARCHINGLY,1
FREQUENTED,1
JOURNALIST,2
HAPPENS,1
MOULD,1
WEIGH,1
VEIL,2
TRIP,4
VEIN,1
VOLUME,1
PROCEEDING,2
HUMILIATION,1
TWENTY,5
TWIST,1
COTTAGE,1
GRABBED,1
FINISHED,2
NERVOUSLY,1
PENCILLED,1
POT,3
NEVER,38
POP,1
TERRIFYING,2
ONLINE,1
LOOPS,2
SCANDAL,1
STRING,3
RANKS,1
COMMOTION,1
LEGAL,1
APPARENTLY,6
IMPRESSIVE,1
VOLUBILITY,1
INTIMACY,2
EASIER,3
NARROWER,1
PATCH,2
OVERPOWERING,1
ABJECT,4
FADING,1
BEHAVIOUR,1
THRALL,1
WISTFULNESS,2
NECKTIE,1
HELPED,1
COIN,1
WHERE,25
IRRITATING,1
GLOW,6
DARK,25
POUNDED,1
FAULTLESS,1
MASSIVELY,1
GATHERED,2
MUDDLE,2
UNCANNY,1
OPINION,4
CHEERY,2
GATHERER,1
DISTINCT,3
EXTERNAL,1
HALF,21
BEWILDERING,2
HALO,1
CLOSES,1
CONVICTION,2
JOKE,1
VACANT,2
CLOSED,9
PURSUING,1
SPOKE,3
COMMONEST,1
SPOILED,1
CHAOS,1
WRITING,6
WINCHESTERS,3
COTTONS,1
LADY’S,1
SHRILLNESS,1
QUESTIONING,1
OVERLAND,1
CLAIMED,1
SWAYED,8
POCKETS,2
PASSIONS,1
APPEAR,6
POMPOUSLY,1
CERTAIN,9
BLANKET,1
HARMLESS,2
BOWS,3
OILS,1
APPEAL,5
OILY,2
DANCED,1
HATED,3
DANCES,1
ACCUMULATE,1
IMMENSITY,5
KNITTER,1
CORRECTED,3
EXPECTANT,1
KNITTED,1
YARDS,2
DOZE,1
UNNATURAL,1
MURMUR,8
FELLOW,14
BLANKETS,1
MISSED,3
LAME,1
LAMP,3
PRESERVE,1
RESTLESSLY,1
BONE,3
STEPS,1
SPLASHES,1
PACIFICALLY,1
SWEEP,1
OVERHEARD,1
IRON,4
EXCEPTED,1
ANTELOPE,1
DIGRESSIONS,1
EXULTING,1
TANGLED,1
LIVING,9
CRAVEN,1
SKINS,2
PLUNDER,1
SURF,6
SURE,11
WINDOWS,4
TOTTERED,1
POPULAR,1
AUNT,2
DICTATION,1
INTO,78
CRAWLED,6
H’M,1
CONTAINED,1
ILLUSTRATIVE,1
SINKING,1
DISCLAIM,1
BEWILDERMENT,1
MATS,1
EATEN,2
REMOVED,1
SUN,12
TEETH,5
TURNED,17
BARRING,1
HORIZONTAL,1
SARCOPHAGUS,1
TEN,3
CONTRACTS,1
TEA,2
IGNORANCE,1
VICTORIOUS,1
CORE,1
REFERRING,1
APOSTLE,1
RENT,1
BORDER,2
EXTERMINATE,1
SAFETY,1
SOLITUDE,5
BLAZE,2
INSTANTLY,4
WIRE,4
ANGEL,1
TRADER,4
ALSO,19
ROTTEN,4
ANGER,2
EAR,3
EAT,5
DRIED,2
SUBDUED,2
RATTLE,1
CRIPPLE,2
TROD,1
HOW,45
HOT,5
NEARLY,13
HOTLY,1
IMPOTENT,1
MOUTH,5
PEOPLED,1
TEXT,1
APPRECIATION,2
BROODING,9
LECTURE,1
HENS,3
LYING,14
SISTER,1
CROWD,8
EJECTED,1
PEELING,1
CROWN,1
NEIGHBOURS,1
BOYISH,2
APPOINTED,2
WHIRL,2
FIT,5
FOAM,1
ANYWAY,2
MADHOUSE,1
FEELINGS,2
FORGOTTEN,3
SEDENTARY,2
STRUNG,1
PLATO,1
RISKING,1
RIDDLE,1
VERMOUTHS,1
GENTLEMANLY,1
AFTERWARDS,13
HIDE,3
IMPENETRABLE,6
PAINTED,1
STROLLING,3
EMOTIONS,3
UNREAL,2
PAINTER,1
MYSTERY,12
FLAT,8
THOUSAND,2
PHANTOMS,2
ABIDING,1
FLAG,3
RESULT,1
COOK,1
UNEARTHLY,4
RHYTHMICALLY,1
COOL,1
ACCOUNTANT,2
TEMPESTS,1
STEADILY,1
SKIRTS,1
OBSTINATELY,1
BUILDING,4
STRAIN,2
CIPHER,4
COMMENTED,1
BRANCHES,1
BEARS,1
INVOICE,1
MOTIONED,1
AMERICA,1
SOMBRE,10
FETCHED,2
FARCE,1
ALLOWED,2
AUTUMN,1
VARIOUS,7
HANGED,6
SOCIABLE,1
MENACES,1
JOIN,1
ANIMATED,1
DEFEND,2
REPAIRS,2
CONCEAL,2
TRUCK,1
DUTCHMAN,1
STARRED,1
EXPRESSIVE,1
YOUR,37
HORNS,2
CLAPPED,1
DEVIL,15
FLAME,5
EXCHANGED,3
DRUNK,1
EXACT,2
RECITE,1
APPROACHED,2
OUTRAGED,1
FAREWELL,1
ROUTINE,1
KURTZ,101
HANKERING,1
LOCALITY,1
EXCEPT,1
SQUATTED,2
SLEEPY,2
TRIMMED,1
CAUSE,5
SOUNDED,3
INVITING,2
SHAKILY,1
LAKE,4
CLIFF,6
DEFEATS,1
COUNTRY,13
SOMETIMES,24
BURGLARS,1
NARRATIVE,1
POPULATION,2
WOULD,133
SLUMBERS,1
LUGGING,2
FINGER,4
BEADS,4
UNFAMILIAR,1
PEAKED,3
DAYS,14
KERNEL,1
UNKNOWN,4
INSANITY,1
ADMIRALS,1
TRAVELLED,1
PAUPER,1
HELP,7
CASUALLY,2
LAYING,1
MISSION,1
LOOKS,2
WORLD,17
PENHOLDER,1
PAINFULLY,2
TUMBLE,2
SEAWARD,1
FRO,3
INNUMERABLE,4
LOOKING,26
MANIPULATION,1
BRUTAL,1
CHINA,1
THREADBARE,1
EUROPE,8
DO,48
YOUNGER,1
PARTICULARLY,3
THIEVING,1
SHIFT,1
BARGAIN,2
YELLOW,5
DU,2
APATHY,1
GLAMOUR,3
ELEPHANT,1
FIENDISH,1
SOOTHING,2
INSIDIOUS,1
SERIOUS,5
EXTENSIVE,2
FIXED,1
ENDEAVOURS,1
DISORDERLY,1
CORPSE,1
WE,152
AWED,1
UNPRACTICAL,1
MACHE,1
BARE,5
ANNOYING,2
REMAIN,5
PRETTY,8
RIB,1
WIDGER,1
RISK,2
RISE,1
HAD,503
HASTILY,2
HAY,1
HAS,14
HAT,4
PENETRATED,2
DEPENDED,1
WANDERINGS,1
ADMIRE,1
GAULS,1
MOURN,2
LETTING,1
LIFTED,8
ROAMED,1
TOBACCO,6
FURRY,1
NOTES,4
SUSTENANCE,1
HELD,6
HELM,1
LIGHTED,4
FOR,275
ENCHANTED,1
CONFIDENTLY,1
FOOL,14
HOMES,2
AHEAD,8
PRESENTED,2
CLUB,1
GENTLY,3
CLUE,1
GENTLE,1
FOG,9
FOOT,7
HAMMERS,1
WHOLE,20
SHIPWRECK,1
ALLUDED,4
PREVARICATOR,1
SURFACE,3
GULP,1
SANDY,1
CHIN,3
CONVULSIVELY,1
CASE,7
BETTER,12
FOUGHT,1
UTTER,4
GALLOWS,1
MERELY,1
SICKLY,1
SECOND,7
VANISH,1
COME,32
CONDITIONS,1
JEALOUSY,1
PERSONS,1
ABOARD,2
YELLED,2
NEIGHBOURHOOD,1
RELIEVED,1
SOONER,2
CONTROL,1
HOURS,9
OMINOUS,7
MESS,5
BECKONED,1
CAPITAL,1
SHOES,6
TORMENT,2
EMPTINESS,1
SECRETARIAL,2
THOUGH,61
OVER,71
I’LL,5
CRANIA,1
CUSTOM,3
GAZE,3
BUDDHA,2
CULMINATED,1
GROVE,3
OBVIOUS,1
GRAND,2
DISSIPATED,1
HUNT,1
ELDORADO,2
HONOURED,1
HUNG,7
STONE,3
EXTERNALS,1
UNLAWFUL,1
ALARM,1
OUTLINES,2
AFFECTION,1
SAVAGE,13
ADDED,4
WHISPER,11
AH,11
TROUBLE,12
PREFECT,1
ASHORE,6
MURKY,2
SLEPT,3
WISDOM,4
CONSPIRACY,1
FISHES,2
READING,2
ARRESTED,1
LAID,6
CAUTION,1
ASTONISHMENT,1
MEDITATIVE,1
INSENSIBLE,1
THEREFORE,3
HOISTED,1
RANG,5
ISSUED,1
RANK,2
MILES,14
COMMINGLING,2
GLORIES,1
PURCHASES,1
CANOE,1
TREACHEROUS,2
MASTER,1
ACCOUNT,6
BALES,1
FADES,1
BOAST,1
SERIES,1
INEXTRICABLE,1
BATTLES,1
FADED,2
RIVETS,14
SHOULD,21
RECRUDESCENCE,1
KINGS,3
ATHWART,1
USE,5
STRANGERS,1
GENTLEST,1
GATHERING,1
SHELLS,1
CAUGHT,3
WHEN,77
JOSEPH,3
VENGEFUL,2
AGENT,9
IMPOSSIBLE,11
SORROWFUL,3
RECEIVED,3
STUMBLED,1
MANGROVES,1
BRAG,1
CONTORTED,2
ROLLING,3
IMMENSELY,1
CHILL,2
SIR,4
DEEPER,2
SIT,3
WORKERS,2
SIX,8
POPO,1
CARTRIDGES,3
THANKS,1
DEEPEN,1
TWITCHED,2
SIN,1
TOGA,1
SLANDERED,1
STAIRCASE,1
THEIRS,1
INSTINCTS,1
TAX,1
FIGHTING,1
TAN,1
PRIME,1
JIG,1
CENTRE,4
DEADENED,1
FIGURE,3
BUNDLE,3
TIGHT,2
SPECIALLY,1
BOTTOMED,1
BIGGEST,3
AGGRESSIVE,1
ACUTELY,1
ROOTED,1
PREVENT,2
UNARMED,1
TALKING,7
CAREFULLY,2
FIENDLIKE,1
GLORIFIED,1
CAPABLE,3
WATERS,3
GREASED,1
INTERRUPTED,7
HENRY,3
POSSIBLY,3
REDEEMS,1
MANY,17
PRUDENTLY,1
CLEARED,5
FRIENDSHIP,1
LONGING,3
DREAMS,4
ENGINEER,1
DID,87
SUPERNATURAL,3
REPROACHFUL,1
OUR,28
OUT,153
STRIPS,2
SEMICIRCLE,1
BOLTS,1
GUNS,4
FORESTS,2
LUMPED,1
STONILY,1
CORRECT,4
IGNORED,2
TIRED,2
DRINK,5
BLOOD,2
INSCRUTABLE,4
WORRYING,2
RAINBOW,1
SOMEBODY,9
FLEW,4
INTENTION,6
DULL,4
GLAD,4
DISTANT,1
UNSTEADILY,1
ARGUED,1
CAPTIVE,1
FLYING,8
LONE,1
LONG,51
FROWNS,1
THEREUPON,2
OPPORTUNITY,3
EXHAUSTION,1
GRUNTING,2
YOURSELF,9
DESPONDENTLY,1
LIGHTLESS,1
MIDST,4
PAIRS,1
REHEARSING,1
REGRET,2
HULL,1
HULK,2
MOURNING,2
UNEXPECTEDLY,2
SYMPATHY,2
FOLLOWING,1
CRACKED,1
SEVERAL,11
CONTEMPT,4
ILLNESSES,1
DENY,1
CHAIN,6
TOILING,1
GATE,1
CHAIR,4
DISSOLVE,1
INQUIRIES,1
EM,1
EH,8
SYMBOLIC,2
WAVE,1
WITHOUT,51
BEYOND,11
ES,1
FESTIVE,1
IMBECILE,3
PAPER,1
FLAUNTINGS,1
MINGLED,4
MOTIVE,2
TACKLE,2
COAST,17
OUTRAGEOUS,2
TENDERNESS,1
BLOODSHOT,1
MURDER,1
CENTRAL,3
SUCCESS,3
SOUNDING,3
ANYBODY,5
EXCLAIMED,5
SUSPICION,4
DIFFERENCE,3
ESTUARY,1
EACH,20
PLEASURE,3
SUGGESTIVENESS,1
GRADUALLY,1
GINGERY,1
VOICES,8
ABRUPTLY,1
HELMET,1
REMARK,2
GLAMOUR’S,1
TOSS,2
MENTIONED,1
EXCLAMATIONS,2
DIVISION,1
RAPIDS,2
VERY,125
SQUINTED,1
CRIMSON,1
STEPPED,7
WATCH,6
VAGUELY,1
CARELESS,3
TROUSERS,2
ENLIGHTEN,1
STRANGELY,1
THREATS,1
FEEBLY,3
PLASTERED,1
WANDERERS,1
CLIMB,1
NURSING,1
HABIT,2
CALAMITIES,1
WEAPON,1
MUMBLING,2
8,1
DOMINANT,1
VILLAGES,6
FORSAKEN,1
PRESSED,1
TREMOR,3
KNOBS,1
BOW,1
BULLET,1
BURST,12
JERKING,1
EXPERIENCE,4
ACTUALLY,3
ELBOWS,1
GUESS,2
SAYS,1
CLIMBED,1
SKY,11
RESIST,2
GLEAMING,1
NURSE,2
TRANQUIL,2
GET,43
VALOUR,1
NELLIE,1
HEAVENLY,2
ROARING,1
TALES,1
VISIT,1
VEINS,1
BLUNDERED,2
HIPPOPOTAMUS,1
SHALL,12
MANNERS,2
SERVIETTE,1
PASSION,3
SENSES,2
PATCHES,8
OFFICE,1
EVERYWHERE,1
HOBBLED,1
EVERLASTING,2
NATIVE,2
PERFORMING,1
ANTIQUITY,1
TROUBLED,1
CRAWL,3
CORRUPTION,1
UNEXPLORED,1
KNEES,4
REBELS,3
HER,78
PROFESSION,2
COMFORT,2
COVER,1
VALUABLE,2
IMPOSSIBILITY,1
TURNING,3
RUDIMENTARY,2
PREY,1
SON,2
PROJECTILE,1
PROBABLY,5
CIRCUITOUS,1
INDESTRUCTIBLE,1
ARCH,3
ENORMOUS,1
OWN,24
UNCONGENIAL,2
JINGLE,2
STACK,2
CIVILLY,1
LEVY,1
VISITATION,1
SLAPPED,1
SPHERE,1
WHITE,39
SEDUCED,1
PLANS,4
INCONCEIVABLY,1
ARROWS,4
INCONCEIVABLE,6
SIDESPRING,1
PLANK,1
INTOLERABLY,1
THUMBED,2
LACES,1
INTOLERABLE,4
SEALING,3
MUSTN’T,1
GREW,1
ELEVATION,1
OPENING,5
PIGEON,1
GREY,1
SCREECHING,2
TURN,9
UNPLEASANT,1
EXUBERANT,1
REMEMBERED,4
YEAR,7
LOATHING,1
CONFIDENCES,1
HAIR,13
CALIPERS,1
FLUNG,4
HEARING,2
LEAPED,9
CLAPS,1
DESPAIRING,1
PERCEPTION,1
HANDKERCHIEF,1
GOURD,2
CLOAK,1
CHANCE,7
GOING,29
ALLOWING,1
BEETLE,2
ANYONE,1
MARSHES,1
SUNSET,1
VISION,5
O,3
INHERITED,1
RIPPLE,4
FOLLOW,2
DARTING,1
RISEN,1
ENCHANTMENT,1
DEVELOPED,2
WITHDREW,3
DUCKED,1
REPRESENTED,1
RISES,1
AFFIRMED,2
SUSPICIOUS,1
RELATIVE’S,1
HOPED,4
CONTRARY,1
WROTE,4
FAULT,1
STARVATION,2
GAVE,18
YACHT,1
PRETEND,2
BENEVOLENCE,1
EVENING,9
OTHERS,12
CONTEMPTUOUSLY,1
RAILWAY,4
PRINCESS,1
FOREPART,1
TREASURED,1
BOOT,1
BOOK,8
FLOCK,1
FURNITURE,1
LAPPED,1
UNFATHOMABLE,1
GABBLED,1
SHINES,1
GLASSINESS,1
WELL,52
EVERYTHING,20
BEHIND,23
POINTS,1
PROMPTITUDE,1
STONY,1
FASTEN,1
FULFILMENT,1
SEVEN,1
IMPRESS,1
STEADINESS,1
RESEMBLING,2
ETERNITY,1
BARTERED,1
DELIVERED,1
HALOS,1
SLIPS,1
WHERE’S,1
WHISKERS,1
CUSHION,1
EARRINGS,1
HURRY,5
PERCEIVED,5
TALKED,14
PERIOD,1
STOOLS,2
DESCENDED,2
WEIRD,3
RIVER,60
RIVET,2
WATER,24
UNSOUND,4
CAPTAIN,4
PLOTTING,1
ABOMINATE,1
WHAT,117
BREATHING,2
INNATE,1
TEMPTATION,2
SHEERED,1
SQUEEZE,1
MORIBUND,1
AGREED,2
MARS,2
ELSE,12
REVOLVING,1
APPETITE,1
RUTHLESS,1
CHORUS,1
VANISHING,2
KNOB,1
FEATURES,4
TUCKED,1
MOONSHINE,1
WHATEVER,2
MOMENT,28
KNOW,88
KNOT,1
HOME,6
TOWSER,2
MISUNDERSTOOD,1
DECLIVITY,1
WON’T,6
EXPECTED,8
WRING,1
WEIGHT,1
MONSTROUS,4
THUS,6
OBVIOUSLY,1
CREEK,6
OVERCAST,2
PROPENSITY,1
GREEN,5
COMMANDINGLY,1
YE,1
COMMISSIONED,1
HOLDING,2
COLLAR,3
VENERABLE,1
IMAGE,4
ESSEX,1
HALTER,2
EVIDENTLY,6
ONE’S,8
NECESSARY,3
REMAINS,3
APPARITION,2
BELONGED,5
WOUNDED,2
WANTED,26
EXCITED,2
STEAMBOATS,1
PRONOUNCED,5
THUNDERSTRUCK,2
HAIRED,2
ADVENTURERS,1
JOVE,6
ASTIR,1
SURPRISE,6
FALERNIAN,1
TOOLS,1
STIRRING,2
DISTINCTLY,1
KILL,3
TRUTH,14
IRRETRIEVABLY,1
BOTTOM,9
ELECTRIFIED,1
UNTITLED,1
CROOK,2
COMPARATIVE,1
EYE,3
COMPANIES,1
HYENA,1
ALACRITY,1
OPENLY,1
BLACKNESS,2
EMBRACING,1
PERSUADED,1
SWINDLED,1
IMPATIENCE,1
REEDS,1
ROSE,10
SWIFTLY,4
SOULS,2
STRICKEN,1
PERMANENT,1
EXIST,3
LEANED,1
ENTERPRISE,1
REGION,2
DEVILS,3
MANAGED,4
BECOMES,1
FIREWOOD,1
EXTREMIST,1
MANAGER,42
JUPITER,1
HILL,9
SICK,10
CONFRONTED,1
CHAINS,2
GUILELESS,1
EXPECT,5
TROUPE,1
MOON,3
CREEPERS,1
BLAZED,1
AVERSION,1
ORGANIZING,1
INFERNAL,3
STONES,2
GREENWICH,1
SHOCK,1
CHEERFUL,1
STEEP,2
STEER,3
OTHERWISE,1
SUNKEN,4
STROKES,1
DELIGHTFUL,2
STEALTHY,1
FLAPPED,1
LORD,1
INHABITED,1
OPPOSITE,1
CONFIDENCE,5
SANDPIT,1
SEPARATION,1
PENDENT,1
KNOWING,3
SPLENDID,3
MATTED,2
ESSENCE,3
ATTEMPTS,1
MATTER,11
HAZE,2
DANE,1
DEVOTION,4
VIGOROUS,2
ROTTING,2
BEACON,1
GLARING,3
AFLOAT,1
HUNGRY,4
HELPING,2
I’VE,14
WAGGLED,1
WRETCHED,5
WART,1
QUARRELSOME,1
BATCH,2
WARM,5
PRETENDING,2
FOOTSORE,1
WARD,1
RIGHT,42
OBSEQUIOUSLY,1
FLOAT,1
MEDITERRANEAN,1
MEANING,11
SCOTCH,1
LEAVES,4
TENDED,1
LOUDER,1
BUT,214
TENDER,1
CLINK,1
TELLERS,1
BEST,11
STAGGERED,1
YARNS,3
WITCHCRAFT,1
DEMON,2
HOWLING,1
HEARTS,3
WENT,43
MAGIC,1
GAPE,1
COULD,110
RAIDED,1
WELCOME,2
MEPHISTOPHELES,1
PITCH,1
DETONATION,1
ENCOUNTER,1
INSOLENT,1
UNIFORM,4
PAUSED,2
RATE,3
HELPERS,1
ERRORS,1
CONCEPTION,1
TROPHIES,1
FIXITY,1
SOMBRENESS,1
APPROACH,8
INEXCUSABLE,1
EVANESCENT,1
RIVERS,2
REASON,13
BUZZED,2
DOWNCAST,1
FUNERAL,1
FIRING,2
COMMAND,1
AVOIDED,1
PAGES,4
OUGH,1
CONSCIOUS,1
PERHAPS,29
SORDID,3
OLD,28
LOTUS,1
FAINTLY,2
WEARINESS,1
WHOM,9
PUNISHMENT,1
WATCHFULLY,1
GERMAN,1
SAHARA,1
PRECIOUS,3
CLUMP,1
MONSTER,1
THREAD,2
ICTHYOSAURUS,1
PERSISTENT,1
HORRORS,2
ROAD,8
ORNAMENTS,1
SHAMELESS,1
ASSERTING,1
SUPERSTITION,2
HOOK,2
LONDON,1
SETTLEMENT,1
DIFFICULT,7
PREDECESSOR,2
REFLECTION,1
GAY,1
GAP,2
COUNCIL,2
TRUTHFULNESS,1
WATCHING,3
ASLEEP,1
SURVIVED,3
CONFUSEDLY,1
WORTH,5
WHEEL,12
OUTWARDS,2
EXISTENCE,8
CONCEIVE,2
CONCLUSION,1
LOVED,4
HILLS,1
LICENSE,1
THRILLED,1
BACKS,1
DRAPED,4
REGRETS,2
INTRODUCING,4
CANNIBALS,2
SHALLOW,2
NEGRO,3
THAMES,3
HOPELESS,5
THRESHOLD,3
THEMSELVES,2
EVENTS,3
RASCALLY,1
ALTRUISTIC,1
WADED,1
INTERNATIONAL,1
REPLIED,2
VEILED,1
PRAY,1
TREE,7
SCOW,1
EXPERIENCES,1
SOUND,11
GRIPPING,1
WILDERNESS,22
EXPLODED,1
CONDEMNING,1
NOBODY,7
HOARSELY,1
UNPARDONABLE,1
CASTE,3
KIND,28
FLARED,1
SETTLEMENTS,1
WHENCE,1
INVOKED,1
EMBALM,1
SCARS,1
CHAPMAN,1
SLENDER,1
RESPONSE,2
BREATH,7
DEFENSIVE,1
VISITOR,1
HOLLAND,1
UNSTAINED,1
GERMS,1
UNCONNECTED,1
DECLAIM,1
READABLE,1
SCENE,2
QUITE,12
GRAN,1
GRAB,1
OVERHUNG,1
AGAIN,37
CUT,7
PARTLY,1
CUP,2
CONTENTEDLY,1
ABLE,1
GRUNTED,3
FALLEN,8
STACKS,1
DYING,4
CHANGE,7
ACCEPTED,3
LOTS,7
PRIEST,2
MANKIND,2
CHILD,2
BANDAGES,1
WEAPONS,1
ENVY,2
NOTIONS,2
SCRAWLED,1
OWING,1
PATHETICALLY,1
DROVE,4
TORCHLIGHT,1
LIFE,39
SORROW,10
LANDED,3
LIFT,1
GROWING,6
IMPERFECT,1
DANCE,3
DISHONOUR,1
MUCH,46
PROVOKE,1
MOVEMENTS,2
POLICEMAN,3
PRUDENCE,2
GO,29
FRETTED,1
EMOTION,2
SPEECHES,1
TUMULT,2
GUIDANCE,2
SPLENDIDLY,4
BOTHERING,1
SICKENED,1
UNAVOIDABLE,2
TOPS,2
UNAVOIDABLY,1
DARKNESS,29
CONTEMPTIBLE,1
PIGEONS,2
BENIGN,1
GRAVESEND,2
CONTEMPTIBLY,1
GLORIOUS,4
SOLE,2
APPEALING,2
FIFTEENTH,1
PUBLIC,1
TRAFFIC,1
EBBING,2
ATTEND,2
RAVE,1
SMILE,7
UNSPEAKABLE,3
DISMANTLED,2
AMONGST,15
SPARE,3
SPARK,1
DOCUMENT,1
ANCHOR,3
GHOST,1
PACKAGE,1
REPOSE,1
ORNAMENTATION,1
VOYAGE,1
LIKENESS,1
MAKING,11
EMPIRES,1
COMPACT,1
FLANKS,1
EARNESTLY,4
CONVICTIONS,1
UNCOMPLICATED,1
WEIRDLY,1
ONE,136
CIVILIZATION,1
III,1
PANEL,2
CHIEF’S,1
FORM,4
GLEAM,2
FORE,2
UNEASY,4
FILE,1
NERVES,1
DOWNWARD,1
PASSIONATE,2
ZANZIBARIS,1
RAISING,1
MISTY,3
INTENDED,7
JOINTS,1
PREJUDICE,1
BOILER,8
FOLIAGE,1
PECULIAR,3
SAD,3
CHILLY,1
SAY,49
CHILLS,1
SAW,47
SAT,15
CONCERTINA,1
RENDERED,1
JAW,1
FELT,22
CONFUSED,2
FELL,6
DELICATE,2
INCONTINENTLY,1
JAB,1
CLAIM,2
AUSTRALIA,1
COUNTENANCE,1
BEGUN,2
CONSUMED,2
LEGIONARIES,1
PASSIONATELY,1
INDIVIDUALS,3
COUNTING,1
OCCUPIED,1
DESERT,2
BUSHES,7
LONGER,3
APPETITES,1
FLOATED,3
SOCIETY,2
BLANK,5
SNARE,1
TEMPLE,1
TRUNKS,2
FLOWING,1
AFT,3
PAPIER,1
BIGGER,1
BEHAVING,1
TOSSED,1
ORGANIST,1
RESENTING,1
STUDYING,1
CONTINUE,1
TIME,78
UNREFLECTING,1
PONDEROUS,2
DEPTFORD,1
GENEROUS,1
MISGIVINGS,1
TRADE,13
MAST,1
DEPLORABLE,3
ONCE,27
SHOUTED,6
WAIL,1
WEARILY,1
ENLARGED,2
FLITTING,1
CHANNEL,4
WAIT,6
BENDING,1
REPRESENT,1
ROWS,2
BREAK,2
WHISTLE,5
TRADING,7
HUMANITY,1
VEGETATION,3
PUSHING,1
ARISING,1
EXAMINING,2
ENTHUSIASTIC,3
CAMP,9
DRIFT,1
FORERUNNER,1
CAME,63
FORTUNATELY,1
VITALITY,1
IMPRESSIVELY,1
VAST,7
GROUND,6
UTTERING,1
DODGED,1
AUDACITY,2
SLEEP,5
KURTZ’S,21
SHOOT,5
PENNY,4
FOLLOWED,7
UNDERSTOOD,3
GLOOMY,4
CHANGING,1
STEAL,2
STEAM,8
SHOOK,12
ESSENTIALS,1
FRANCIS,1
SIGH,5
INVADING,2
SIGN,7
WET,2
OBSCURE,1
FINDS,1
GABERDINE,1
STRAIGHT,10
LATELY,2
PERSONIFIED,1
HARDLY,4
IMMUTABILITY,1
HUTS,1
LARGE,10
HILLSIDES,1
SUCH,42
REPEATING,2
BOAT,3
UNTRAMMELLED,1
SECONDS,1
TEARFULLY,1
FESTOONS,1
DREARY,1
UPLIFTED,1
LOVE,9
POSTSCRIPTUM,2
FOOTSTEPS,1
COLUMNAR,1
STRONGLY,1
STREAM,17
GIVE,18
MISTAH,1
TORE,3
MURMURS,2
ABILITY,3
SPANNERS,1
CARAVAN,3
APPEARANCES,4
TORN,4
EMPTIED,1
AFFIRMATION,1
WERE,156
WITHDRAWN,1
EXERCISE,2
CUNNING,1
SORT,14
PRINTS,1
TIPPED,1
RESTING,1
PROUDLY,2
BLACK,42
ENCLOSURE,1
IMPLACABLE,1
INCONCLUSIVE,1
APPOINTMENT,2
PLAINLY,3
CARCASS,2
CHAIRS,2
NICETY,1
GUTENBERG,4
SPEECH,6
IMPROVISED,1
UNSELFISH,1
LONELY,2
BELOW,18
INEFFICIENT,1
RESTRAINING,2
GIFTED,4
DETAIL,1
PURPLE,1
SIGNIFICANCE,1
RECOGNITION,1
ANNOYANCE,2
HADN’T,6
SYMPATHIES,2
UNNERVED,1
GLIMMER,1
PROPER,4
CHAMPAGNE,1
EXPOSURE,1
DIMENSIONS,1
DEMANDS,1
OBLIVION,1
WOUND,1
LEAVING,4
WHICH,63
ACCOMPLISH,1
SANK,2
SACRED,1
TOLD,13
STATELY,2
KNEW,21
KNEE,1
HA,1
HE,593
WOOLEN,1
TRUSTFUL,1
RATTLED,1
CIVILIZED,1
CONNECT,1
FOSSIL,4
IT’S,15
MINUTE,5
COURSE,27
VERILY,3
KINDS,2
ENDING,3
FEND,1
SURPRISING,1
BOUNDS,1
SENSE,10
EATING,1
SERVICE,2
CAUSED,3
PREPARED,1
TWICE,4
PLENTY,6
CAUSES,1
SLOW,3
INVINCIBLE,1
PIPE,3
EDDY,1
INDIFFERENT,1
MERCY,1
GAPED,2
SLENDEREST,1
WRITE,6
ADO,1
PROBLEM,1
WANTON,1
GREATER,2
RIDICULOUS,1
GLOSSY,1
FOREFINGER,3
UNDERSIZED,1
CROWDS,1
CHARACTER,3
DONKEYS,1
LOYAL,2
RIGHTLY,1
KNOTTED,1
DROPPING,2
INTERRUPT,1
PROFESSIONAL,1
DECLARED,2
CARBINE,1
SHOALS,1
WAKE,1
RESENTED,1
QUARTER,1
DARESAY,1
ISLET,1
YOUTHS,1
FAVOUR,2
COMPANION,2
ULTIMATE,1
DRUBBING,1
CUTTERS,4
INDUCED,1
WRESTLED,1
UNBOUNDED,2
PIERCING,1
GNAWING,1
STAKES,3
SPUN,1
FULL,16
SOMEWHERE,9
SEPULCHRAL,2
MEETINGS,1
UNDERSTANDABLE,1
MEASURED,1
FORMLESS,1
ASCETIC,1
THOUGHTLESSLY,1
TERRORS,1
FRESLEVEN’S,1
INCANTATIONS,1
BREEZE,1
GLITTER,5
ANGLES,1
ARISTOCRAT,1
LUSTY,1
INSIGNIFICANT,1
LUSTS,1
SHELLING,1
ANYWHERE,3
RELIEF,4
BLINDLY,1
INACCESSIBLE,1
DOOR,13
LITERALLY,1
BRICK,1
TWIG,3
AUTHORIZE,1
ATTEMPTED,1
SIDES,3
GLANCES,2
CROWDED,2
HURT,2
ENCLOSED,1
GLANCED,6
PIONEERS,1
TOLERANT,1
TROPICAL,1
POURED,1
MEDICINE,1
TRUMPET,1
BORNE,3
STREAMED,2
FLOUNDERED,1
INSIPID,1
CAPERED,1
COLUMNS,1
UPPER,5
ULTIMATELY,2
ORNAMENT,1
AMAZING,8
TREADING,1
ACCOMPLISHED,1
CONNECTED,4
CHOOSE,2
WARLIKE,3
MARBLE,1
COMPOSED,1
MOUNDS,1
PRODIGIOUS,1
ALLIGATORS,1
FLOURISH,1
TOGETHER,18
OVERTAKING,1
SHABBY,1
ALMOST,14
FILED,1
REST,19
HEMISPHERES,1
FINALLY,1
GANG,4
COMPARE,1
ALREADY,9
FIREPLACE,1
SHOUTING,2
HINTED,1
HEALTH,1
INTENSE,4
COUNSEL,1
DARKLY,3
CONTINENTAL,1
SMELLY,1
DOORS,2
INSTRUCTING,1
MICA,2
FILL,3
RARE,1
MONKEY,1
TIPTOE,1
RUSHING,2
PROPOSED,1
LOINS,1
NIGHT,26
UTTERMOST,3
DIPPED,1
EMITTED,1
GREENISH,1
OCCUR,2
CHESTED,1
SHOTS,2
INTIMATE,1
JOLLY,4
MOTIVES,3
NODDED,6
MADE,67
WHITENESS,2
EIGHT,5
PENETRATE,1
COMFORTS,1
FAIRLY,2
END,23
PIPES,3
LEAF,2
FILINGS,1
LEAD,7
LEAN,3
LEISURELY,1
TRAVELLING,2
PLEASED,4
SHAMEFULLY,4
TOILED,2
HASTENED,1
UNAWARE,1
SET,12
HOUR,4
PLANET,2
BRAIN,2
SEE,92
DON’T,63
SEA,23
HIGHER,3
SENTIMENTAL,1
HUNTERS,1
HAMMER,1
BOYHOOD,1
FILCH,1
HEELS,3
WORRY,1
PROTESTED,1
DEPTH,1
CONTACT,2
NUISANCE,1
CREEPING,1
ENEMIES,4
GOD,6
NONE,1
INCLUDED,1
GOT,41
CITY,5
EXULTED,1
LASTED,2
ADORED,2
BESIDES,8
SPEAKING,6
EUROPEAN,1
ILLEGIBLE,1
KNITTING,4
EXTEND,1
ARTFULLY,1
FORMIDABLE,1
SOUTH,2
SCRUB,1
TRANSLUCENTLY,1
TRIUMPHANT,3
TRULY,1
BUSH,18
IMPORTANT,2
GROANS,2
DESPERATELY,1
DWELLING,1
LUMPS,1
DECOROUS,1
PAST,12
TEAKWOOD,1
BEWILDERED,1
CARVED,2
PASS,1
AFTER,53
MATURE,1
FLUTTER,1
BELL,1
FAMOUS,2
FURIOUS,1
BESET,1
ENTANGLED,1
HOSTILE,2
ECHO,1
WONDERFULLY,2
CLINGING,2
SAILS,2
TODAY,1
EYEBROWS,1
HARM,3
BECKONING,1
INTERCOURSE,1
THESE,60
FISH,1
HARD,5
SLEEPING,5
60,1
ENTRAILS,1
CONQUERED,2
MAKES,6
MAKER,2
DECAYING,2
MASTS,1
ARMED,4
WHO’S,1
FAIR,4
STUFF,4
LUSTROUS,1
WAY,40
WAX,2
WAS,672
GROW,1
HERSELF,6
OVERCOME,1
GLASSY,1
OBJECTLESS,1
VIRTUE,2
TRIFLE,2
INFORMED,7
BEER,2
ATHLETIC,1
VERIEST,1
CHEERED,1
LEADING,4
IS,125
IT,488
NOTICED,6
ANCHORED,2
IM,4
IN,616
FIDELITY,1
IF,77
SENSIBLE,2
OBEDIENT,1
PADDLED,1
THEN,89
WITHIN,21
IMMOBILITY,2
GIRL,4
PLAYING,1
STAMMERED,1
UNSHAVEN,1
SHACKLED,1
CONVINCED,2
AJAR,1
COMES,7
YOKELS,1
GUTTER,1
D’YE,1
HIPPOS,1
ATTENTIVE,1
EXOTIC,1
UNRESTRAINED,1
FINE,11
FIND,11
SALARY,1
ADMIRED,1
GROANED,2
SCATTERED,3
HEARTLESS,1
SNAKE,4
ADMIRER,1
ASPIRATIONS,2
TUGGING,2
GETS,3
EYES,49
STAVES,4
TRY,9
THOUGHTFUL,1
EYED,4
MOORED,1
OFFERED,5
ENGAGEMENT,1
QUART,2
CAUTIOUSLY,5
RECOVER,2
DAY’S,2
NAKED,4
DEPARTED,1
EXCEPTIONAL,2
DELAYS,3
ODD,2
CHARMED,3
DONKEY,2
CAPACITIES,1
MAXIMUM,1
STREAMS,2
QUICKLY,2
LED,1
LEG,3
FAVOURITE,2
INVADED,2
BEDSIDE,1
LET,23
LAUGH,2
MOURNFUL,5
LEGS,11
POWERS,3
ACTED,1
EXTREME,5
CANDLES,1
HILLSIDE,3
UNRUFFLED,1
DIRECTLY,3
BEGRIMED,1
UNEXPRESSED,1
THIEF,1
SUFFERED,1
FLINCH,1
PLANKS,3
HOWL,3
STARE,5
START,8
ILLUMINATING,2
STARS,3
INEXORABLE,2
TENTS,1
PRICE,2
OVERSHADOWED,2
SMEARS,1
ASHY,1
BIZARRE,2
GLIMPSED,1
BRICKS,3
TWIGS,3
SHOPS,1
TRICKLE,1
PITY,2
WOMAN,7
DESERVED,1
THINGS,35
SELDOM,1
DESERVES,1
TALENTS,1
SILENCE,26
ACTION,4
EQUITABLE,1
CHEEKS,3
PESTIFEROUS,1
AHA,1
RICH,1
MEND,3
DESTINY,4
GETTING,9
CHIEFS,1
CURRENCY,1
SHADOW,13
SPIRIT,3
DISTANCES,1
ABSCONDED,1
CONTRACT,1
BESIDE,3
POSITION,6
SPORT,1
BELATED,1
LOAD,1
SENDING,1
COMPOSURE,1
STRETCH,3
BLADE,2
BABY,1
ANCHORS,1
FUTILITY,1
CONFLAGRATIONS,1
ABRUPT,1
FOLDS,4
SHOCKS,1
BENT,6
MOONLIGHT,4
BEND,3
STANCHIONS,1
STEERING,3
EMISSARY,2
SHAPED,3
SHAPES,5
BISCUIT,1
CHAFF,1
JUSTICE,6
ANGERED,1
SPIN,1
SHELTER,1
MODULATED,1
FISHING,1
DEFINE,1
CEASED,4
DRONE,1
DATE,1
AWASH,1
WHARF,1
SATANIC,1
AMOUNT,1
RAVINE,1
ROAMING,2
GRIP,3
SHORES,3
SMOKE,12
GRIN,2
NOBLE,6
PRODUCT,1
MOTIONLESS,4
JABBERED,1
PERIODS,1
PRAYING,2
FRIENDS,4
NOBLY,1
WORSTED,1
INDIA,1
COUPLE,1
REGULARITY,2
ITSELF,18
TOOTED,1
LINE,3
THUNDERINGLY,1
COMPARATIVELY,1
DELICIOUS,1
EVOLUTIONS,1
ADVERSELY,1
HOMEWARD,1
LIGHTEST,1
JEWELS,1
HINDERING,1
PALM,2
PALL,1
PALE,5
ENLISTED,1
AGITATED,1
SUSPECTED,1
DESPONDENCY,1
SATISFACTIONS,1
PRINCIPLES,2
BUTCHER,3
WORRIED,3
SLIDING,1
DISCOVERY,1
CONSCIOUSNESS,1
SUBSIDED,1
ASKING,4
SINCERITY,2
RUBBISH,1
REINED,1
CABINS,1
VERTICAL,1
TRIBE,4
THROUGH,35
HIDDEN,6
FAITHFULNESS,1
DISCLOSING,1
EYEBROW,1
SUSPECT,4
HEAVIER,2
SAVAGERY,3
FIREMAN,3
REASONS,1
FRANKNESS,1
COMMANDER,1
PUSH,2
COMMANDED,1
BITS,1
DIVER,1
DUMMY,1
SHIVERED,1
SINCE,13
CALLING,1
DISDAINFUL,1
RISING,1
OUTLAST,1
RIMMED,2
ENVIED,1
QUANTITY,3
UNCONTROLLABLE,1
TOPPLE,1
CROOKED,1
SPACES,1
DRUM,3
TEAR,1
MOVED,9
WORSHIPPERS,1
AFFAIR,9
INDUSTRIOUS,1
EFFECTUALLY,1
WHISPERS,1
CLINKING,2
KNOTS,2
ARM,14
STATION’S,1
DESPERATE,1
BITTER,1
ROLL,3
PICKET,1
PICKED,2
ADVISABLE,1
PERFECTLY,10
SHRIEKING,1
FORESAW,1
ACCIDENT,3
ARGUING,2
GENERAL,6
TERROR,8
THICK,5
TUMBLED,1
OFF,42
OVERHEATED,1
TRAVERSED,1
RESIGNATION,1
CLASPED,2
THIRTY,4
OPAQUE,1
THIS,179
TIN,7
SUNLIGHT,5
PATTERNS,1
AWAKENING,1
THIN,5
SHORT,17
QUIVERED,1
MANAGE,1
TIED,4
SHORE,16
ATTITUDES,2
PULSATING,1
LISTLESSLY,1
HELMETED,1
YARD,4
ASSURED,5
BEING,34
MARLOW’S,2
SERVE,1
BITTERNESS,1
ENDED,1
ASTERN,1
REPULSIVE,1
RETREAT,3
FLUSH,1
SWAMP,1
SHELL,1
DEEPEST,1
NEWSPAPER,1
AND,994
IMPORTED,1
TAKING,7
AUDIENCE,2
PERCHED,1
ANY,47
ENCLOSURES,1
FIRESIDE,1
SUMMED,1
BECKON,1
JACKET,4
RESPECTIVE,1
CLERICAL,1
RATHER,11
ARMS,11
EXPRESSION,13
LIFTING,7
BALL,3
DECEITFUL,1
BALD,2
MEMORANDA,1
DIGNIFIED,1
MISTAKE,1
REMEMBERING,1
RECLAIMED,1
SOLEMN,1
SAVES,1
MISTRUST,1
FLABBY,2
SOBER,1
NASTY,1
SWUNG,4
SHUT,2
REMAINED,14
WAVING,2
PRECIPITATELY,1
BISCUITS,1
INDEFINABLE,2
STYLE,1
GOOD,43
MUTE,3
STAMP,1
SPOT,5
REPEATEDLY,1
DESK,3
YOU,309
SPECK,2
POINTED,1
ATTENTION,4
WINDOW,3
PARTS,1
DRAINAGE,1
OPPRESSIVE,1
DART,1
DROLL,1
HAVE,121
PASSING,3
ORDER,3
DARE,2
MONOLOGUES,1
DEUCE,2
FRIGHT,5
FACULTY,1
DUMFOUNDED,1
CANDOUR,1
UNAPPETIZING,1
FAME,3
APPROPRIATELY,1
SKINNED,1
WITHERING,1
CLASS,4
DOES,7
READY,8
ABOUT,74
FEATHERS,1
MESSENGER,1
SIGNATURE,1
ABLAZE,1
EMPTY,12
HAPPY,2
STINK,1
EXACTLY,13
STING,1
LOOKED,56
DINING,1
CONNECTING,1
REVERBERATING,1
FATED,1
MUMBLED,2
TWITCHING,1
GOODNESS,3
CAUTIOUS,1
SWELL,2
PRECISION,1
TRAVELING,1
DISCUSSING,1
GLIMPSE,4
WHITES,4
PALMER,1
AFFECT,1
FOOLISH,4
OPEN,9
WHITED,1
NIGHTS,2
EASE,1
PARTNERSHIP,3
EASY,1
IRRITABLE,1
EARTH,39
EAST,3
ROPES,1
GROTESQUE,2
CHOICE,3
FROM,122
CONFRONTING,1
FLATTER,1
MUTTERING,1
TRANSPORTED,2
WISER,1
STRUTTED,1
FLANNEL,1
ANXIETY,1
DIGGING,2
LIKEWISE,1
NAUTICAL,1
UNDERTOOK,1
FRONTS,1
GIRLISH,1
AFAR,6
NOISILY,1
SLEEPLESS,1
CONFIDENT,1
ATOM,1
NEARER,1
CANVAS,1
FABRIC,1
LONELINESS,2
FITFULLY,1
NOTE,5
ESCORTED,1
COUNTENANCES,1
TAKE,24
FOUNDATIONS,1
WHOSE,9
RATCHET,1
ANNOYED,4
SPECTRAL,1
ADDRESSES,1
VIOLENTLY,1
REVOLVER,1
CASES,3
DRESS,1
UNSTEADY,2
PHANTOM,4
PROTECTIVE,1
DUSTY,1
CONQUEST,2
RIPPLES,1
WAR,3
SNAGS,2
THOUGHTS,8
MOMENTS,2
SUPERB,2
DISCRETION,1
LAY,6
EXILE,1
LAW,2
LAP,1
RELUCTANCE,1
UPON,56
CHARMING,1
SUBTLE,3
BLACKS,1
ATTEMPTING,1
SNAPPING,2
PUMPING,1
HOVERING,1
EXPOSITION,1
ADVENTURE,1
MUTINY,1
PACES,1
ASSENTED,1
HESITATION,1
NEVERTHELESS,2
POISONED,1
NOTION,5
HAIL,1
IMPROPER,1
MOVING,4
INTERMINABLE,2
REFUSED,1
BENDS,3
FASCINATED,2
IMPORTANCE,3
DISPOSITION,1
DIAGRAMS,1
WOMEN,8
SHIRT,1
ENSIGN,1
HOST,1
EMPLOYED,1
TRIUMPH,2
ALL,185
WRONGED,1
INITIATED,1
BEASTLY,3
SWARMS,1
SCRUPLE,1
CONSISTENTLY,1
RESERVATION,1
DRIFTING,1
ENLARGE,1
RECONDITE,1
US,54
VULTURES,1
INFER,1
WANDERED,2
INTERFERING,1
INFLICTION,1
CANOES,4
MOTHER,4
SPECIES,1
SLIPPERS,3
REASSURED,1
ENGINES,1
PROJECT,3
BAND,2
BANG,1
THINKS,1
BANK,26
CONFOUND,2
HIGHNESS,1
GROAN,1
ETERNAL,3
EXCELLENTLY,1
SETTING,2
LINGERS,1
FLAVOUR,1
PAUNCH,1
TAINT,2
MEDITATION,1
SINISTER,2
SENSATION,5
DETERMINED,1
STOUT,2
FLESHY,1
ASYLUMS,1
PARCEL,1
INTRUDER,1
WONDERING,1
MYSTERIES,3
SPEAR,5
AGITATION,3
JEALOUS,1
SPEAK,16
HATS,1
SAILOR,4
PRIVILEGE,2
BEATING,4
HATE,8
COLLARS,2
RUSH,4
COMMONPLACE,4
RAGE,1
APPEARANCE,5
ALIVE,4
RAGS,6
OURSELVES,3
RUST,1
FOLLY,4
JACK,1
CAGE,1
WOODED,3
WOODEN,1
NOON,1
NOWHERE,7
SWALLOWED,2
CURT,1
PROTESTS,1
BLAZING,2
PRACTICAL,2
IMPROBABLE,1
PENETRABLE,1
INVASION,5
DETESTABLE,1
MASK,2
SPREAD,2
MASS,5
TRANSFIXED,1
IMAGINE,13
STILL,40
RIGIDLY,1
OMINOUSLY,1
CAPTURED,1
BLUE,10
IVORY,31
ENJOYMENT,1
COMPREHENSIVE,1
THUNDERING,1
NETWORK,1
THEY’LL,1
ASCEND,1
CREPT,2
CAPERS,1
POSITIVELY,4
SNOWY,1
FASCINATION,2
PORT,1
SANG,1
SAND,4
SANE,1
TOLL,1
CONTINENT,5
TREMULOUS,1
HOLLOW,4
CEILING,1
SENDS,2
HAIR’S,1
FUNNY,2
BUCCANEERS,1
MUSICIAN,1
ENTREATED,1
ELBOW,5
BEHAVED,3
SHARPLY,2
PICK,1
INCOMPLETE,1
SPENT,1
QUIETEST,1
VISITED,1
THE,2295
BEARERS,4
EXALTED,4
SPREADING,2
OSTENTATION,1
TAIL,3
UNSTABLE,1
VISAGE,1
LIGHT,28
DIRECT,1
WELDED,1
FORTUNES,1
REVOLT,2
DRIP,1
FAINT,5
UNTOUCHED,1
SMELLS,1
DEFICIENCY,1
WANTS,2
PRESENTLY,4
BEATEN,2
STRIKE,2
VOLUNTEER,1
ACUTE,1
THEM,73
TITLE,2
INTERRUPTING,1
ENCAMPED,1
CHANTING,1
THEY,159
ACCIDENTS,1
CONQUESTS,1
VANITY,1
INVOKE,1
GOD’S,1
FUSS,1
SUCCESSFULLY,1
FIENDISHLY,1
FREE,6
MUTTER,2
STATE,3
BETWEEN,13
SOUGHING,1
PANIC,2
MORTALITY,1
UNFORESEEN,1
STIFFENED,1
MORE,78
STRAINED,1
EXPECTING,1
SCAR,1
FAMILY,2
PERFECT,1
SHIPS,10
ALOUD,1
CRIED,20
YEARS,14
INSTRUMENT,1
ARE,38
MEMORY,9
HAVING,4
UPWARD,2
RENEWED,1
CITIZEN,1
TREMULOUSLY,1
STRENGTH,10
MANUFACTURED,1
ELICITED,1
SENILE,1
SUPPORTED,2
SUMMIT,1
HUMAN,18
FACTS,3
PROVE,1
PARTI,1
CLEAR,16
PLANNING,1
CLEAN,4
PARTY,4
PEEPED,2
LIMITED,1
DOUBLE,2
FIGURATIVELY,1
CONSIDERABLY,2
PRECEDENCE,1
FOREIGN,2
ACQUAINTANCES,2
TRAGICALLY,1
HEADLONG,1
CONSIDERABLE,2
GESTURE,2
BROADLY,1
RUSTLED,3
DISTASTE,1
MOTION,2
TAILS,1
SOMETHING,52
NECESSITY,4
RESOLVE,1
SCIENCE,6
BLOODTHIRSTY,1
NATURALLY,3
REPUTATION,4
TANNED,1
LISTEN,3
BABBLE,1
CROSSED,1
BELIEFS,1
TRICKS,2
BETRAY,2
TOUCH,6
CLOSE,5
WATER’S,1
WEAK,1
INCALCULABLE,1
WEAR,2
WALKING,3
ACCORDANCE,1
REMARKED,4
USING,1
STIRRED,1
WELCOMING,1
DISCIPLES,1
LISTENED,5
VIBRATING,3
LISTENER,1
IMMENSE,12
DOUBT,13
SLIGHTEST,1
PLAY,1
BALLS,1
PHILANTHROPIC,2
SPACE,6
FORESIGHT,1
ERITH,1
THROB,1
SELF,4
BECAME,17
THROW,4
